OBJECTID,Site_Name,DNO_Area,Substation_ID,Site_Type,Transformer_Rating__kVA_,Firm_Capacity__MVA_,Customer_Numbers,Site_Level,Three_Phase_,Primary_Voltage__kV_,Secondary_Voltage__kV_,Maximum_Demand__kW_,Upstream_Substation,Postcode,Postcodes_Fed,Postal_Sectors_Fed,Eastings,Northings,slope,slope_dimensionless,class,mannings,df_class,rofrs_0_2m,rofrs_0_3m,rofrs_0_6m,rofrs_0_9m,rofrs_1_2m,rofsw_0_2m,rofsw_0_3m,rofsw_0_6m,rofsw_0_9m,rofsw_1_2m,rofrs_high,rofrs_med,rofrs_low,rofsw_high,rofsw_med,rofsw_low,rof_high,rof_med,rof_low,velocity_high,velocity_med,velocity_low,df_high,df_med,df_low,hazard_high,hazard_med,hazard_low,degree_high,degree_med,degree_low
2837,MILBURNGATE,North East,3.43288E+11,Ground Mounted,800,Not Applicable,10,Distribution,Yes,11,0.4,167.7,DURHAM EAST,DH1 4SL,"DH1 4UD, DH1 4UB, DH1 4SW, DH1 4SL",Not Applicable,427224,542508,24.76006317,0.461219294,Urban,0.013,Urban,Very low,Very low,Very low,Very low,Very low,Low,Low,,,,0,0,0,0,0,0.3,0,0,0.3,0,0,23.41124722,0,0,1,0,0,8.173374165,,,Extreme
2727,WALKERGATE SOUTH,North East,94246359499,Ground Mounted,1000,Not Applicable,13,Distribution,Unknown,11,0.4,462.5,BELMONT,DH1 1SQ,"DH1 1SF, DH1 1SQ, DH1 3NJ",Not Applicable,427343,542648,19.32711029,0.350726299,Urban,0.013,Urban,Low,Low,Low,Very low,Very low,,,,,,0,0,0.6,0,0,0,0,0,0.6,0,0,32.40721029,0,0,1,0,0,20.74432617,,,Extreme
3260,ELVET BRIDGE,North East,9.20704E+11,Ground Mounted,1000,Not Applicable,99,Distribution,Yes,11,0.4,700,DURHAM EAST,DH1 3AA,DH1 3AG,Not Applicable,427505,542426,18.63663673,0.337249187,Urban,0.013,Urban,Very low,Very low,Very low,Very low,Very low,,,,,,0,0,0,0,0,0,0,0,0,0,0,0,0,0,0,0,0,0,,,
3206,MILBURNGATE STORE,North East,5.25029E+11,Ground Mounted,800,Not Applicable,≤5,Distribution,Yes,11,0.4,Redacted,DURHAM EAST,DH1 4SL,Redacted,Not Applicable,427234,542606,14.9871006,0.267707906,Urban,0.013,Urban,,,,,,Low,Low,Low,Low,Low,0,0,0,0,0,1.2,0,0,1.2,0,0,44.9443127,0,0,1,0,0,55.53317524,,,Extreme
2447,DURHAM LEAZES,North East,7.50142E+11,Ground Mounted,1000,Not Applicable,8,Distribution,Yes,11,0.4,282.4,DURHAM EAST,DH1 3UJ,"DH1 3UL, DH1 1AA, DH1 3UJ",Not Applicable,427503,542539,14.13076401,0.251753525,Urban,0.013,Urban,Very low,Very low,Very low,Very low,Very low,,,,,,0,0,0,0,0,0,0,0,0,0,0,0,0,0,0,0,0,0,,,
4101,KINGSMERE,North East,7.61659E+11,Ground Mounted,500,Not Applicable,110,Distribution,Yes,11,0.4,80.3,BIRTLEY GROVE 66/11KV,DH3 4DE,"DH3 4DE, DH3 4DA, DH3 4BA, DH3 4DD, DH3 4DB",Not Applicable,427217,553306,13.62228489,0.242337209,Suburban,0.013,Urban,,,,,,Low,,,,,0,0,0,0,0,0.2,0,0,0.2,0,0,12.95050474,0,0,0,0,0,2.690100949,,,Extreme
2445,DURHAM BHS,North East,2.84218E+11,Ground Mounted,1000,Not Applicable,≤5,Distribution,Yes,11,0.4,Redacted,DURHAM EAST,DH1 3AF,Redacted,Not Applicable,427524,542539,12.65375996,0.224511859,Urban,0.013,Urban,Very low,Very low,Very low,Very low,Very low,,,,,,0,0,0,0,0,0,0,0,0,0,0,0,0,0,0,0,0,0,,,
2202,PYE CLOSE,North East,2.61675E+11,Pole Mounted,16,Not Applicable,≤5,Distribution,Unknown,20,0.4,Redacted,EASTGATE CEMENT,DL13 2SY,Redacted,Not Applicable,401907,535216,12.41430092,0.220125938,Calcareous grassland,0.04,Pasture/Arable,,,,,,Very low,Very low,Very low,Very low,Very low,0,0,0,0,0,0,0,0,0,0,0,0,0,0,0,0,0,0,,,
1518,WEARHEAD WATER,North East,1.49911E+11,Ground Mounted,1600,Not Applicable,≤5,Distribution,Yes,20,0.4,Redacted,EASTGATE CEMENT,DL13 1DL,Redacted,Not Applicable,385021,539221,11.92998886,0.211279761,Suburban,0.013,Urban,,,,,,Very low,Very low,Very low,Very low,Very low,0,0,0,0,0,0,0,0,0,0,0,0,0,0,0,0,0,0,,,
125,LUNEDALE BROCK SCAR,North East,7.9053E+11,Pole Mounted,25,Not Applicable,≤5,Distribution,No,11,0.4,Redacted,HARMIRE BRIDGE,DL12 0PW,Redacted,Not Applicable,393896,522087,11.72307777,0.207510137,Calcareous grassland,0.04,Pasture/Arable,,,,,,Low,,,,,0,0,0,0,0,0.2,0,0,0.2,0,0,3.894750698,0,0,0,0,0,0.87895014,,,Moderate
1575,ALLENSHIELDS,North East,41938608549,Pole Mounted,15,Not Applicable,≤5,Distribution,No,20,0.4,Redacted,CONSETT,DH8 9PP,Redacted,Not Applicable,396325,549469,10.28221703,0.181410196,Improved grassland,0.04,Pasture/Arable,,,,,,High,High,Low,Very low,Very low,0,0,0,0.3,0.3,0.6,0.3,0.3,0.6,4.771830681,4.771830681,7.574809042,0.5,0.5,0.5,2.081549204,2.081549204,5.344885425,Significant,Significant,Extreme
1417,HARWOOD FROG,North East,9.03044E+11,Pole Mounted,25,Not Applicable,≤5,Distribution,Unknown,20,0.4,Redacted,EASTGATE CEMENT,DL12 0YB,Redacted,Not Applicable,380890,534150,9.994686127,0.176231354,Improved grassland,0.04,Pasture/Arable,,,,,,Low,Low,Very low,Very low,Very low,0,0,0,0,0,0.3,0,0,0.3,0,0,4.70322513,0,0,0.5,0,0,2.060967539,,,Significant
1406,LOW ALLERS,North East,55179572265,Pole Mounted,15,Not Applicable,8,Distribution,Unknown,20,0.4,15.4,EASTGATE CEMENT,DL13 1DF,"DL13 1AG, DL13 1DF",Not Applicable,384952,541039,9.536449432,0.167996656,Calcareous grassland,0.04,Pasture/Arable,Low,Low,Very low,Very low,Very low,,,,,,0,0,0.3,0,0,0,0,0,0.3,0,0,4.592027681,0,0,0.5,0,0,2.027608304,,,Significant
1392,HIGH RUSH,North East,4.2731E+11,Pole Mounted,25,Not Applicable,≤5,Distribution,Unknown,20,0.4,Redacted,EASTGATE CEMENT,DL13 1DF,Redacted,Not Applicable,383980,541254,9.194559097,0.161867207,Calcareous grassland,0.04,Pasture/Arable,,,,,,Very low,Very low,Very low,Very low,Very low,0,0,0,0,0,0,0,0,0,0,0,0,0,0,0,0,0,0,,,
2872,DURHAM NSI,North East,96702782381,Ground Mounted,1000,Not Applicable,≤5,Distribution,Unknown,11,0.4,Redacted,DURHAM EAST,DH1 1SL,Redacted,Not Applicable,427334,542703,8.433663368,0.148267553,Urban,0.013,Urban,High,High,Medium,Low,Low,,,,,,0.3,0.6,1.2,0,0,0,0.3,0.6,1.2,13.27375745,21.07077654,33.44777284,1,1,1,5.132127234,13.94246592,41.73732741,Extreme,Extreme,Extreme
2919,FREEMANS REACH SOUTH,North East,4.48654E+11,Ground Mounted,800,Not Applicable,36,Distribution,Yes,11,0.4,131.3,DURHAM EAST,DH1 1SL,"DH1 1SQ, DH1 3RP",Not Applicable,427336,542709,8.433663368,0.148267553,Urban,0.013,Urban,High,High,Medium,Low,Low,,,,,,0.3,0.6,1.2,0,0,0,0.3,0.6,1.2,13.27375745,21.07077654,33.44777284,1,1,1,5.132127234,13.94246592,41.73732741,Extreme,Extreme,Extreme
170,EGGLESTON TOWN,North East,6.04461E+11,Ground Mounted,500,Not Applicable,38,Distribution,Yes,20,0.4,135.1,HARMIRE BRIDGE,DL12 0AA,"DL12 0DB, DL12 0BQ, DL12 0BF, DL12 0DE, DL12 0AJ, DL12 0DF, DL12 0DA",Not Applicable,400165,523748,8.188931465,0.143905013,Calcareous grassland,0.04,Pasture/Arable,,,,,,Low,Very low,Very low,Very low,Very low,0,0,0,0,0,0.2,0,0,0.2,0,0,3.243380992,0,0,0,0,0,0.748676198,,,Low
2848,NEVILLE STREET,North East,6.24183E+11,Ground Mounted,300,Not Applicable,≤5,Distribution,Yes,11,0.4,Redacted,DURHAM EAST,DH1 4SH,Redacted,Not Applicable,427041,542529,8.156833649,0.143333245,Urban,0.013,Urban,,,,,,Medium,Low,Very low,Very low,Very low,0,0,0,0,0.2,0.3,0,0.2,0.3,0,9.959788397,13.05101486,0,0,1,0,2.091957679,5.065304459,,Significant,Extreme
1619,WILLINGTON LIDO,North East,7.55267E+11,Pole Mounted,25,Not Applicable,≤5,Distribution,Unknown,20,0.4,Redacted,TORONTO 66/20KV,DL15 0DJ,Redacted,Not Applicable,420720,534735,7.802204609,0.137022161,Improved grassland,0.04,Pasture/Arable,High,Medium,Low,Very low,Very low,,,,,,0.2,0.3,0.6,0,0,0,0.2,0.3,0.6,3.164866616,4.147148474,6.583187851,0,0.5,0.5,0.732973323,1.894144542,4.74991271,Low,Significant,Extreme
1361,YELLOCKSIKE,North East,1.43056E+11,Pole Mounted,50,Not Applicable,≤5,Distribution,No,20,0.4,Redacted,EASTGATE CEMENT,DL13 1PE,Redacted,Not Applicable,392730,538123,7.652854919,0.134367519,Broadleaved woodland,0.1,Woodland,,,,,,Low,Low,Low,Very low,Very low,0,0,0,0,0,0.6,0,0,0.6,0,0,2.607642092,0,0,1,0,0,2.864585255,,,Extreme
2520,LOW COCKEN NORTH,North East,8.83913E+11,Pole Mounted,16,Not Applicable,≤5,Distribution,Unknown,11,0.4,Redacted,POTTER HOUSE T1 T3,DH3 4EN,Redacted,Not Applicable,428366,547388,7.558922291,0.132698852,Neutral grassland,0.04,Pasture/Arable,High,High,High,Medium,Low,,,,,,0.6,0.9,1.2,0,0,0,0.6,0.9,1.2,6.478499434,8.489235819,10.28397682,0.5,0.5,0.5,4.68709966,8.590312237,13.44077218,Extreme,Extreme,Extreme
3029,BYERS GREEN WEST,North East,9.42566E+11,Pole Mounted,100,Not Applicable,49,Distribution,Unknown,20,0.4,55.1,SPENNYMOOR 66/20KV,DL16 7QJ,"DL16 7QJ, DL16 7PW, DL16 7PN",Not Applicable,422166,534062,7.333512783,0.128697506,Calcareous grassland,0.04,Pasture/Arable,,,,,,High,Very low,Very low,Very low,Very low,0,0,0,0.2,0.2,0.2,0.2,0.2,0.2,3.067221016,3.067221016,3.067221016,0,0,0,0.713444203,0.713444203,0.713444203,Low,Low,Low
3113,WHEATLEY HILL INDUSTRIAL,North East,7.71817E+11,Ground Mounted,200,Not Applicable,10,Distribution,Yes,20,0.4,33.3,FISHBURN,DH6 3JN,"DH6 3QY, DH6 3NN, DH6 3NW, DH6 3JJ, DH6 3QZ",Not Applicable,437714,539212,7.133849621,0.125156582,Broadleaved woodland,0.1,Woodland,,,,,,Low,Very low,Very low,Very low,Very low,0,0,0,0,0,0.2,0,0,0.2,0,0,1.209892664,0,0,0,0,0,0.341978533,,,Low
3027,BYERS GREEN SEWAGE,North East,6.61832E+11,Pole Mounted,50,Not Applicable,≤5,Distribution,Yes,20,0.4,Redacted,TORONTO 66/20KV,DL16 7PS,Redacted,Not Applicable,421951,534640,7.128547668,0.125062597,Broadleaved woodland,0.1,Woodland,Low,Very low,Very low,Very low,Very low,Low,Low,,,,0,0,0.2,0,0,0.3,0,0,0.3,0,0,1.58481251,0,0,0.5,0,0,1.125443753,,,Moderate
3,SELSET RESERVOIR,North East,3.72078E+11,Ground Mounted,25,Not Applicable,≤5,Distribution,Yes,20,0.4,Redacted,HARMIRE BRIDGE,DL12 0PP,Redacted,Not Applicable,392065,521165,6.86928463,0.120469397,Suburban,0.013,Urban,,,,,,High,High,Medium,Medium,Very low,0,0,0,0.3,0.9,0.9,0.3,0.9,0.9,11.96490311,24.8880014,24.8880014,1,1,1,4.739470932,23.84920126,23.84920126,Extreme,Extreme,Extreme
886,RAMSHAW NORTH,North East,1.76869E+11,Pole Mounted,50,Not Applicable,17,Distribution,Unknown,20,0.4,24.6,TORONTO 66/20KV,DL14 0NG,"DL14 0NH, DL14 0NF, DL14 0ND, DL14 0NG",Not Applicable,415242,526318,6.468603134,0.113380551,Improved grassland,0.04,Pasture/Arable,,,,,,Very low,Very low,Very low,Very low,Very low,0,0,0,0,0,0,0,0,0,0,0,0,0,0,0,0,0,0,,,
2150,NELSON STREET,North East,1.5479E+11,Ground Mounted,500,Not Applicable,313,Distribution,Yes,20,0.4,401.4,BRANCEPETH,DL15 9HJ,"DL15 9JT, DL15 0AD, DL15 9HR, DL15 9HS, DL15 9EL, DL15 1EG, DL15 9EA, DL15 9PW, DL15 9HU, DL15 9EE, DL15 9EG, DL15 9HH, DL15 9PY, DL15 9HP, DL15 8QF, DL15 9HT, DL15 9HJ, DL15 9JU, DL15 9EN, DL15 9JR, DL15 9HN",Not Applicable,416299,535621,6.366690159,0.111579329,Suburban,0.013,Urban,,,,,,Low,Low,Very low,Very low,Very low,0,0,0,0,0,0.3,0,0,0.3,0,0,11.51496682,0,0,1,0,0,4.604490047,,,Extreme
3374,BLANCHLAND AVENUE,North East,5.26576E+11,Ground Mounted,500,Not Applicable,233,Distribution,Yes,11,0.4,189.1,DURHAM EAST,DH1 5XP,"DH1 5XR, DH1 5QY, DH1 5QZ, DH1 5NF, DH1 5XT, DH1 5XP, DH1 5YQ, DH1 5YH, DH1 5YJ",Not Applicable,428080,544658,6.319568634,0.110746741,Suburban,0.013,Urban,,,,,,Medium,Medium,Low,Low,Very low,0,0,0,0,0.3,0.9,0,0.3,0.9,0,11.47192488,23.86256536,0,1,1,0,4.591577464,22.92630882,,Extreme,Extreme
1289,PRESTON LE SKERNE PUMPS,North East,7.02401E+11,Pole Mounted,100,Not Applicable,≤5,Distribution,Unknown,20,0.4,Redacted,SKERNESIDE,TS21 2HG,Redacted,Not Applicable,431815,524799,6.274926662,0.109958103,Broadleaved woodland,0.1,Woodland,High,High,Medium,,,,,,,,0.3,0.6,0.6,0,0,0,0.3,0.6,0.6,1.486030727,2.358926739,2.358926739,0.5,1,1,1.095809218,2.715356043,2.715356043,Moderate,Extreme,Extreme
2545,NEW ELVET NORTH,North East,1.29104E+11,Ground Mounted,1000,Not Applicable,75,Distribution,Yes,11,0.4,350,DURHAM EAST,DH1 3AH,DH1 3HN,Not Applicable,427576,542312,6.259625435,0.109687825,Urban,0.013,Urban,Medium,High,High,High,Medium,Low,Low,Very low,Very low,Very low,0.9,1.2,1.2,0,0,0.3,0.9,1.2,1.2,23.74820926,28.76890672,28.76890672,1,1,1,22.82338833,36.12268807,36.12268807,Extreme,Extreme,Extreme
2340,WATERSIDE HOTEL,North East,3.56604E+11,Ground Mounted,1250,Not Applicable,≤5,Distribution,Unknown,11,0.4,Redacted,DURHAM EAST,DH1 5SY,Redacted,Not Applicable,427272,542979,6.20943594,0.108801399,Suburban,0.013,Urban,Low,Low,,,,Low,Low,Very low,Very low,Very low,0,0,0.3,0,0,0.3,0,0,0.3,0,0,11.37072242,0,0,1,0,0,4.561216725,,,Extreme
2706,THROSTLES NEST,North East,8.41454E+11,Ground Mounted,500,Not Applicable,≤5,Distribution,Yes,20,0.4,Redacted,STONEY CUT,DH6 2PZ,Redacted,Not Applicable,439371,539837,6.196884632,0.10857975,Suburban,0.013,Urban,Low,Low,,,,,,,,,0,0,0.3,0,0,0,0,0,0.3,0,0,11.35913433,0,0,1,0,0,4.557740298,,,Extreme
3373,BLACKHOUSE BRANCEPETH,North East,9.14819E+11,Pole Mounted,20,Not Applicable,≤5,Distribution,Unknown,20,0.4,Redacted,SPENNYMOOR 66/20KV,DL16 7RB,Redacted,Not Applicable,423748,536090,6.149284363,0.107739249,Suburban,0.013,Urban,Low,Medium,Very low,Very low,Very low,,,,,,0,0.3,0.3,0,0,0,0,0.3,0.3,0,11.3150842,11.3150842,0,1,1,0,4.544525259,4.544525259,,Extreme,Extreme
1902,HUNWICK LANE,North East,1.94763E+11,Pole Mounted,200,Not Applicable,21,Distribution,Unknown,20,0.4,24.9,BRANCEPETH,DL15 0HY,"DL15 0HY, DL15 0HZ",Not Applicable,419255,535142,6.093430519,0.106753203,Broadleaved woodland,0.1,Woodland,Medium,Medium,Medium,Medium,Medium,,,,,,0,1.2,1.2,0,0,0,0,1.2,1.2,0,3.689588698,3.689588698,0,1,1,0,6.027506438,6.027506438,,Extreme,Extreme
1497,BURNSIDE COTTAGES,North East,7.66805E+11,Pole Mounted,50,Not Applicable,8,Distribution,Yes,20,0.4,18.2,EASTGATE CEMENT,DL13 2DA,"DL13 2DA, DL13 2DD, DL13 2DB",Not Applicable,393527,542944,5.770225525,0.101051299,Heather grassland,0.05,Pasture/Arable,Low,Very low,Very low,Very low,Very low,,,,,,0,0,0.2,0,0,0,0,0,0.2,0,0,2.174307397,0,0,0,0,0,0.534861479,,,Low
2897,FERRYHILL SEWAGE,North East,8.85002E+11,Pole Mounted,200,Not Applicable,≤5,Distribution,Unknown,20,0.4,Redacted,SPENNYMOOR 66/20KV,DL17 8RS,Redacted,Not Applicable,428586,533329,5.480941772,0.095953346,Calcareous grassland,0.04,Pasture/Arable,,,,,,Very low,Very low,Very low,Very low,Very low,0,0,0,0,0,0,0,0,0,0,0,0,0,0,0,0,0,0,,,
1834,SLOTBURN WEST,North East,14142976522,Pole Mounted,50,Not Applicable,25,Distribution,Unknown,20,0.4,24.7,TORONTO 66/20KV,DL15 8BE,"DL15 8BE, DL15 8BB, DL15 8BD, DL15 8BA",Not Applicable,416461,531906,5.218383312,0.091330645,Broadleaved woodland,0.1,Woodland,,,,,,Medium,Low,Very low,Very low,Very low,0,0,0,0,0.2,0.3,0,0.2,0.3,0,1.033542311,1.354323559,0,0,0.5,0,0.306708462,1.056297068,,Low,Moderate
3005,BRACKEN HILL NORTH WEST,North East,7.89591E+11,Ground Mounted,800,Not Applicable,≤5,Distribution,Yes,11,0.4,Redacted,PETERLEE WEST,SR8 2RS,Redacted,Not Applicable,440732,540200,5.181717873,0.090685413,Suburban,0.013,Urban,,,,,,Very low,Very low,Very low,Very low,Very low,0,0,0,0,0,0,0,0,0,0,0,0,0,0,0,0,0,0,,,
1586,CORONATION COTTAGE,North East,1.26265E+11,Pole Mounted,100,Not Applicable,7,Distribution,No,20,0.4,17.2,EASTGATE CEMENT,DL13 1HD,"DL13 1EZ, DL13 1HD, DL13 1HB",Not Applicable,387146,538652,5.076169968,0.088828413,Suburban,0.013,Urban,,,,,,Very low,Very low,Very low,Very low,Very low,0,0,0,0,0,0,0,0,0,0,0,0,0,0,0,0,0,0,,,
3764,SHOTLEY ELM PARK,North East,2.19571E+11,Pole Mounted,50,Not Applicable,6,Distribution,No,20,0.4,7.4,ANNFIELD 66/20KV,DH8 6SE,"DH8 6SD, DH8 6SE",Not Applicable,410883,553119,5.059785843,0.088540207,Improved grassland,0.04,Pasture/Arable,,,,,,Very low,Very low,Very low,Very low,Very low,0,0,0,0,0,0,0,0,0,0,0,0,0,0,0,0,0,0,,,
1517,WEARHEAD,North East,7.05802E+11,Pole Mounted,100,Not Applicable,56,Distribution,Unknown,20,0.4,Redacted,EASTGATE CEMENT,DL13 1EA,"DL13 1BD, DL13 2QL, DL13 1DY, DL13 1EA, DL13 1BG, DL13 1HT, DL13 1DZ, DL13 1BE, DL13 1BJ, DL13 1BH, DL13 1EB, DL13 1BQ, DL14 9HW",Not Applicable,385816,539249,5.032232285,0.088055557,Improved grassland,0.04,Pasture/Arable,,,,,,Very low,Very low,Very low,Very low,Very low,0,0,0,0,0,0,0,0,0,0,0,0,0,0,0,0,0,0,,,
1288,PRESTON LE SKERNE CELL,North East,7.20987E+11,Pole Mounted,25,Not Applicable,≤5,Distribution,Unknown,20,0.4,Redacted,SKERNESIDE,DL5 6JH,Redacted,Not Applicable,431079,524414,4.958479881,0.0867585,Improved grassland,0.04,Pasture/Arable,Low,Very low,Very low,Very low,Very low,,,,,,0,0,0.2,0,0,0,0,0,0.2,0,0,2.518349625,0,0,0,0,0,0.603669925,,,Low
2764,TENTER TERRACE,North East,7.01331E+11,Ground Mounted,1000,Not Applicable,184,Distribution,Yes,11,0.4,600,DURHAM EAST,DH1 4SF,"DH1 4GA, DH1 1LR, DH1 4DJ, DH1 4SN, DH1 4RZ, DH1 4SH, DH1 4UD, DH1 4SG, DH1 4PY, DH1 4SQ, DH1 4EY, DH1 4RD, DH1 4SF",Not Applicable,427000,542614,4.921533108,0.08610884,Urban,0.013,Urban,,,,,,Very low,Very low,Very low,Very low,Very low,0,0,0,0,0,0,0,0,0,0,0,0,0,0,0,0,0,0,,,
3775,STANLEY CLIFFORD,North East,9.58518E+11,Ground Mounted,750,Not Applicable,57,Distribution,Yes,11,0.4,362.1,TANFIELD,DH9 0XG,"DH9 0AQ, DH2 1AG, DH9 0GX, DH9 0NQ, DH9 0NH, DH9 0BL, DH9 0AD, DH9 0DR, DH9 0XG, DH9 0AB",Not Applicable,419645,552726,4.794120312,0.083869004,Suburban,0.013,Urban,,,,,,Very low,Very low,Very low,Very low,Very low,0,0,0,0,0,0,0,0,0,0,0,0,0,0,0,0,0,0,,,
3205,MILBURNGATE CENTRAL,North East,7.67954E+11,Ground Mounted,1000,Not Applicable,41,Distribution,Yes,11,0.4,221.8,DURHAM EAST,DH1 4SL,"DH1 4SR, DH1 4RA, DH1 4UB, DH1 4SH, DH1 4TZ, DH1 4UD, DH1 4SQ, DH1 4SJ, DH1 4SL, DH1 4TY, DH1 5PJ, DH1",Not Applicable,427212,542557,4.790615082,0.083807396,Urban,0.013,Urban,,,,,,Low,Low,Low,Low,Low,0,0,0,0,0,1.2,0,0,1.2,0,0,25.14694997,0,0,1,0,0,31.77633996,,,Extreme
3836,PENLEA TANFIELD,North East,7.31672E+11,Ground Mounted,1600,Not Applicable,≤5,Distribution,Yes,11,0.4,Redacted,TANFIELD,DH9 9XG,Redacted,Not Applicable,419481,553914,4.77733469,0.083573986,Urban,0.013,Urban,,,,,,Low,Low,Very low,Very low,Very low,0,0,0,0,0,0.3,0,0,0.3,0,0,9.96566708,0,0,1,0,0,4.139700124,,,Extreme
3245,DURHAM SUTTON,North East,7.76145E+11,Ground Mounted,500,Not Applicable,226,Distribution,Yes,11,0.4,241,DURHAM EAST,DH1 4DD,"DH1 4RR, DH1 4RL, DH1 4BD, DH1 4BE, DH1 4UF, DH1 4RE, DH1 4RN, DH1 4BW, DH1 4RW, DH1 4DQ, DH1 4RP, DH1 4DJ, DH1 4UE, DH1 4RJ, DH1 4RG, DH1 4BB, DH1 4RT, DH1 4RU, DH1 4SE, DH1 4BA, DH1 4DA, DH1 4RX, DH1 4RS, DH1 4DF",Not Applicable,426841,542598,4.753484249,0.083154824,Urban,0.013,Urban,,,,,,High,High,High,High,Low,0,0,0,0.9,0.9,1.2,0.9,0.9,1.2,20.67737378,20.67737378,25.04885447,1,1,1,20.0596364,20.0596364,31.65862536,Extreme,Extreme,Extreme
3608,DAWDON SEWAGE,North East,3.65121E+11,Ground Mounted,1000,Not Applicable,≤5,Distribution,Yes,20,0.4,Redacted,STONEY CUT,SR7 7DN,Redacted,Not Applicable,443201,547734,4.750434875,0.083101235,Urban,0.013,Urban,,,,,,High,Medium,Low,Low,Very low,0,0,0,0.2,0.3,0.9,0.2,0.3,0.9,7.5836867,9.937440827,20.67070991,0,1,1,1.61673734,4.131232248,20.05363892,Significant,Extreme,Extreme
3218,NEW WINNING,North East,4.81683E+11,Ground Mounted,500,Not Applicable,≤5,Distribution,Yes,20,0.4,Redacted,HARTMOOR 66/20KV,TS27 4TF,Redacted,Not Applicable,440708,538478,4.648190022,0.081304666,Suburban,0.013,Urban,,,,,,Medium,Medium,Very low,Very low,Very low,0,0,0,0,0.3,0.3,0,0.3,0.3,0,9.829434962,9.829434962,0,1,1,0,4.098830489,4.098830489,,Extreme,Extreme
825,LARTINGTON TELEMETRY,North East,1.00407E+11,Pole Mounted,16,Not Applicable,≤5,Distribution,Yes,20,0.4,Redacted,HARMIRE BRIDGE,DL12 9DW,Redacted,Not Applicable,401314,517899,4.604336739,0.08053427,Broadleaved woodland,0.1,Woodland,Medium,Medium,Low,Very low,Low,,,,,,0,0.3,1.2,0,0,0,0,0.3,1.2,0,1.271758164,3.204629762,0,0.5,1,0,1.031527449,5.445555714,,Moderate,Extreme
547,SHOTTON BECK,North East,2.94381E+11,Pole Mounted,25,Not Applicable,≤5,Distribution,Unknown,20,0.4,Redacted,HARMIRE BRIDGE,DL12 8SD,Redacted,Not Applicable,406017,522573,4.573584557,0.079994086,Improved grassland,0.04,Pasture/Arable,Low,Very low,Very low,Very low,Very low,,,,,,0,0,0.2,0,0,0,0,0,0.2,0,0,2.418181785,0,0,0,0,0,0.583636357,,,Low
4137,CHESTER METHODIST,North East,8.49352E+11,Ground Mounted,1000,Not Applicable,203,Distribution,Unknown,11,0.4,270.4,HIGH FLATTS,DH3 3TF,"DH3 3UP, DH3 3EB, DH3 3SR, DH2 2AB, DH3 3EZ, DH3 3BQ, DH3 3TS, DH3 3TR, DH3 3SL, DH3 3TW, DH3 3RE, DH3 3TP, DH3 3TN, DH3 3TU, DH3 3TJ, DH3 3TF, DH3 3TQ, DH3 3RA, DH3 3TL",Not Applicable,427401,551699,4.565524101,0.079852506,Urban,0.013,Urban,,,,,,Low,Low,Very low,Very low,Very low,0,0,0,0,0,0.3,0,0,0.3,0,0,9.741259027,0,0,1,0,0,4.072377708,,,Extreme
1297,AYCLIFFE ANGEL,North East,5.71438E+11,Ground Mounted,800,Not Applicable,≤5,Distribution,Yes,11,0.4,Redacted,AYCLIFFE INDUSTRIAL,DL5 6BG,Redacted,Not Applicable,427958,522709,4.537219524,0.079355367,Urban,0.013,Urban,,,,,,Very low,Very low,Very low,Very low,Very low,0,0,0,0,0,0,0,0,0,0,0,0,0,0,0,0,0,0,,,
3780,STANLEY PRINCES(TEMP),North East,2.87653E+11,Ground Mounted,1000,Not Applicable,305,Distribution,Yes,11,0.4,248.1,ANNFIELD 66/20KV,DH9 8FE,"DH9 8JZ, DH9 8EY, DH9 8SG, DH9 8SJ, DH9 8SN, DH9 8LP, DH9 8SF, DH9 8LW, DH9 8TX, DH9 8PF, DH9 8LA, DH9 8TP, DH9 8SH, DH9 8LD, DH9 8RP, DH9 8UW, DH9 8RR, DH9 8HT, DH9 8LE, DH9 8SL, DH9 8EQ, DH9 8EG, DH9 8ED, DH9 8EU, DH9 8LT, DH9 8SQ, DH9 8EE, DH9 8EB, DH9 8LS, DH9 8EF, DH9 8RW, DH9 8EX, DH9 8LB, DH9 8PS",Not Applicable,416457,552248,4.449744225,0.077819206,Suburban,0.013,Urban,,,,,,Low,Low,,,,0,0,0,0,0,0.3,0,0,0.3,0,0,9.616437532,0,0,1,0,0,4.03493126,,,Extreme
1018,SHILDON MUSEUM,North East,2.71791E+11,Ground Mounted,500,Not Applicable,≤5,Distribution,Yes,11,0.4,Redacted,FYLANDS BRIDGE,DL4 2RE,Redacted,Not Applicable,424010,525465,4.421855927,0.077329534,Urban,0.013,Urban,Medium,Low,Very low,Very low,Very low,High,High,Low,Very low,Very low,0,0.2,0.3,0.3,0.3,0.6,0.3,0.3,0.6,9.586134417,9.586134417,15.21703986,1,1,1,4.025840325,4.025840325,10.43022391,Extreme,Extreme,Extreme
626,LITTLE NEWSHAM,North East,4.04476E+11,Pole Mounted,50,Not Applicable,12,Distribution,No,20,0.4,20.4,HARMIRE BRIDGE,DL2 3QN,DL2 3QN,Not Applicable,412513,517949,4.395553112,0.076867735,Improved grassland,0.04,Pasture/Arable,Low,Low,Low,Low,Low,High,High,High,High,Medium,0,0,1.2,0.9,1.2,1.2,0.9,1.2,1.2,6.461108825,7.827075932,7.827075932,0.5,0.5,0.5,6.764997942,10.49249112,10.49249112,Extreme,Extreme,Extreme
2473,FRAMWELLGATE WATERSIDE,North East,65755808900,Ground Mounted,1250,Not Applicable,≤5,Distribution,Yes,11,0.4,Redacted,DURHAM EAST,DH1 4FT,Redacted,Not Applicable,427266,542845,4.378773689,0.076573155,Urban,0.013,Urban,Low,Low,Low,Very low,Very low,,,,,,0,0,0.6,0,0,0,0,0,0.6,0,0,15.14243615,0,0,1,0,0,10.38546169,,,Extreme
520,COCKFIELD CHURCH,North East,4.68877E+11,Pole Mounted,50,Not Applicable,11,Distribution,Unknown,20,0.4,11.8,TORONTO 66/20KV,DL13 5AD,"DL13 5AJ, DL13 5AA",Not Applicable,412982,524180,4.287602425,0.074972779,Improved grassland,0.04,Pasture/Arable,,,,,,Very low,Very low,Very low,Very low,Very low,0,0,0,0,0,0,0,0,0,0,0,0,0,0,0,0,0,0,,,
2633,COALFORD LANE FARM,North East,7.27081E+11,Pole Mounted,25,Not Applicable,≤5,Distribution,Unknown,11,0.4,Redacted,HAWTHORN PIT,DH6 1RD,Redacted,Not Applicable,433788,543763,4.263381004,0.074547673,Arable and horticulture,0.03,Pasture/Arable,,,,,,Very low,Very low,Very low,Very low,Very low,0,0,0,0,0,0,0,0,0,0,0,0,0,0,0,0,0,0,,,
3753,BURNOPFIELD EAST,North East,3.36736E+11,Pole Mounted,200,Not Applicable,15,Distribution,Yes,20,0.4,51.5,ANNFIELD 66/20KV,NE16 6NX,NE16 6NS,Not Applicable,418348,557080,4.253304482,0.07437083,Suburban,0.013,Urban,,,,,,Low,Very low,Very low,Very low,Very low,0,0,0,0,0,0.2,0,0,0.2,0,0,7.174273975,0,0,0,0,0,1.534854795,,,Significant
1801,BROWNEY BANK,North East,78086567856,Pole Mounted,50,Not Applicable,≤5,Distribution,Unknown,20,0.4,Redacted,ANNFIELD 66/20KV,DH7 0RP,Redacted,Not Applicable,413889,545573,4.245904922,0.07424097,Broadleaved woodland,0.1,Woodland,,,,,,Medium,Low,Very low,Very low,Very low,0,0,0,0,0.2,0.3,0,0.2,0.3,0,0.931841001,1.221057142,0,0,0.5,0,0.2863682,1.016317143,,Low,Moderate
3261,ELVET ROYAL,North East,9.551E+11,Ground Mounted,1000,Not Applicable,≤5,Distribution,Yes,11,0.4,Redacted,DURHAM EAST,DH1 3JN,Redacted,Not Applicable,427645,542439,4.182183743,0.073122787,Suburban,0.013,Urban,Medium,Medium,Low,Low,Low,,,,,,0,0.3,1.2,0,0,0,0,0.3,1.2,0,9.32174432,23.48932378,0,1,1,0,3.946523296,29.78718854,,Extreme,Extreme
3947,BYERMOOR WEST,North East,5.95534E+11,Pole Mounted,50,Not Applicable,≤5,Distribution,Yes,20,0.4,Redacted,ANNFIELD 66/20KV,NE16 6NX,Redacted,Not Applicable,418495,557163,4.079925537,0.071328734,Broadleaved woodland,0.1,Woodland,,,,,,High,High,Medium,Low,Low,0,0,0,0.3,0.6,1.2,0.3,0.6,1.2,1.196868478,1.899910281,3.015919578,0.5,0.5,1,1.009060543,1.939946168,5.219103494,Moderate,Significant,Extreme
3289,GREEN LANE INDUSTRIAL SOUTH,North East,8.4708E+11,Ground Mounted,800,Not Applicable,≤5,Distribution,Yes,20,0.4,Redacted,SPENNYMOOR 66/20KV,DL16 6JF,Redacted,Not Applicable,427871,534936,4.075913906,0.071258362,Suburban,0.013,Urban,,,,,,Low,Very low,Very low,Very low,Very low,0,0,0,0,0,0.2,0,0,0.2,0,0,7.022545528,0,0,0,0,0,1.504509106,,,Significant
2231,ARMOND CARR,North East,9.94469E+11,Pole Mounted,50,Not Applicable,≤5,Distribution,Unknown,20,0.4,Redacted,BRANCEPETH,DL13 4HH,Redacted,Not Applicable,410291,539205,4.068135738,0.07112192,Improved grassland,0.04,Pasture/Arable,,,,,,High,Very low,Very low,Very low,Very low,0,0,0,0.2,0.2,0.2,0.2,0.2,0.2,2.280141196,2.280141196,2.280141196,0,0,0,0.556028239,0.556028239,0.556028239,Low,Low,Low
1456,STANHOPE SEWAGE,North East,6.44558E+11,Pole Mounted,100,Not Applicable,≤5,Distribution,Unknown,20,0.4,Redacted,EASTGATE CEMENT,DL13 2QE,Redacted,Not Applicable,400570,537940,4.061568737,0.071006725,Broadleaved woodland,0.1,Woodland,Medium,Medium,Low,Very low,Very low,,,,,,0,0.3,0.6,0,0,0,0,0.3,0.6,0,1.194163826,1.895616914,0,0.5,0.5,0,1.008249148,1.937370148,,Moderate,Significant
1722,HOWDEN BANK,North East,3.16415E+11,Pole Mounted,100,Not Applicable,12,Distribution,Yes,20,0.4,17.9,ANNFIELD 66/20KV,DH7 0QW,"DH7 0QS, DH7 0QR, DH7 0QP, DH7 0QT",Not Applicable,417089,549297,4.026388168,0.070389639,Improved grassland,0.04,Pasture/Arable,,,,,,Very low,Very low,Very low,Very low,Very low,0,0,0,0,0,0,0,0,0,0,0,0,0,0,0,0,0,0,,,
189,BALDERSDALE GILL,North East,7.89062E+11,Pole Mounted,25,Not Applicable,≤5,Distribution,No,20,0.4,Redacted,HARMIRE BRIDGE,DL12 9UT,Redacted,Not Applicable,397016,520328,3.976574183,0.069515967,Suburban,0.013,Urban,,,,,,Very low,Very low,Very low,Very low,Very low,0,0,0,0,0,0,0,0,0,0,0,0,0,0,0,0,0,0,,,
1567,HARWOOD GILL,North East,9.63959E+11,Pole Mounted,25,Not Applicable,≤5,Distribution,No,20,0.4,Redacted,EASTGATE CEMENT,DL12 0HX,Redacted,Not Applicable,382520,532358,3.96944356,0.069390914,Improved grassland,0.04,Pasture/Arable,,,,,,Low,Low,Very low,Very low,Very low,0,0,0,0,0,0.3,0,0,0.3,0,0,2.951246475,0,0,0.5,0,0,1.535373942,,,Significant
1665,CROOK BEECHBURN,North East,2.71063E+11,Pole Mounted,50,Not Applicable,13,Distribution,Unknown,20,0.4,10.9,BRANCEPETH,DL15 8JB,DL15 8AB,Not Applicable,416136,534030,3.962793827,0.069274296,Improved grassland,0.04,Pasture/Arable,,,,,,Very low,Very low,Very low,Very low,Very low,0,0,0,0,0,0,0,0,0,0,0,0,0,0,0,0,0,0,,,
2723,USHAW COLLEGE,North East,2.61156E+11,Ground Mounted,315,Not Applicable,≤5,Distribution,Yes,20,0.4,Redacted,POTTER HOUSE T1 T3,DH7 9RH,Redacted,Not Applicable,421776,543752,3.947295904,0.069002513,Broadleaved woodland,0.1,Woodland,,,,,,High,High,High,High,Very low,0,0,0,0.9,0.9,0.9,0.9,0.9,0.9,2.448654215,2.448654215,2.448654215,1,1,1,3.653788793,3.653788793,3.653788793,Extreme,Extreme,Extreme
2883,EASINGTON WEST,North East,3.01419E+11,Pole Mounted,100,Not Applicable,10,Distribution,No,20,0.4,12.8,STONEY CUT,SR8 3TX,"SR8 3TX, SR8 3TY",Not Applicable,440733,543503,3.866456509,0.067585019,Suburban,0.013,Urban,,,,,,High,High,High,High,Medium,0,0,0,0.9,1.2,1.2,0.9,1.2,1.2,18.64132909,22.58236198,22.58236198,1,1,1,18.22719619,28.69883438,28.69883438,Extreme,Extreme,Extreme
2891,ELVET RIVERSIDE,North East,3.42417E+11,Ground Mounted,750,Not Applicable,56,Distribution,Yes,11,0.4,207.7,DURHAM EAST,DH1 3JT,"DH1 3JN, DH1 3AG",Not Applicable,427624,542275,3.845285416,0.067213835,Urban,0.013,Urban,Low,Low,Low,Low,Low,Low,Low,Very low,Very low,Very low,0,0,1.2,0,0,0.3,0,0,1.2,0,0,22.52026429,0,0,1,0,0,28.62431714,,,Extreme
2513,LEESFIELD GARDENS,North East,6.68154E+11,Ground Mounted,500,Not Applicable,185,Distribution,Yes,20,0.4,222.5,BRANCEPETH,DH7 8NQ,"DH7 8SD, DH7 8SF, DH7 8ST, DH7 8BJ, DH7 8SB, DH7 8NQ, DH7 8SG, DH7 8DA, DH7 8RZ, DH7 8SE, DH7 8NH, DH7 8NG, DH7 8SQ",Not Applicable,423961,539372,3.820038557,0.066771217,Suburban,0.013,Urban,,,,,,Very low,Very low,Very low,Very low,Very low,0,0,0,0,0,0,0,0,0,0,0,0,0,0,0,0,0,0,,,
797,WYCLIFFE PUMPS,North East,8.51927E+11,Pole Mounted,100,Not Applicable,≤5,Distribution,Unknown,20,0.4,Redacted,HARMIRE BRIDGE,DL12 9TX,Redacted,Not Applicable,411485,512784,3.794300318,0.06632001,Improved grassland,0.04,Pasture/Arable,Low,Low,Very low,Very low,Very low,,,,,,0,0,0.3,0,0,0,0,0,0.3,0,0,2.885203637,0,0,0.5,0,0,1.515561091,,,Significant
2050,HARPERLEY PARK,North East,5.69221E+11,Pole Mounted,50,Not Applicable,11,Distribution,Unknown,20,0.4,12.7,BRANCEPETH,DL15 8DP,"DL15 8DP, DL15 8DR",Not Applicable,412916,534659,3.631111622,0.063459836,Broadleaved woodland,0.1,Woodland,,,,,,Very low,Very low,Very low,Very low,Very low,0,0,0,0,0,0,0,0,0,0,0,0,0,0,0,0,0,0,,,
3190,LOW SPENNYMOOR INDUSTRIAL,North East,5.8641E+11,Ground Mounted,750,Not Applicable,26,Distribution,Yes,11,0.4,223.8,LOW SPENNYMOOR,DL16 7RS,"DL14 6JZ, DL16 7RY, DL16 7RS, DL16 7RZ, DL16 6RS",Not Applicable,426499,533669,3.56380868,0.062280534,Urban,0.013,Urban,,,,,,Medium,Medium,Medium,Low,Very low,0,0,0,0,0.6,0.9,0,0.6,0.9,0,13.6563188,17.89483998,0,1,1,0,9.493791278,17.55535598,,Extreme,Extreme
231,LUNEDALE STAKE,North East,4.00322E+11,Pole Mounted,50,Not Applicable,≤5,Distribution,Unknown,20,0.4,Redacted,HARMIRE BRIDGE,DL12 0PS,Redacted,Not Applicable,393538,522669,3.538307428,0.06183374,Improved grassland,0.04,Pasture/Arable,Very low,Very low,Very low,Very low,Very low,,,,,,0,0,0,0,0,0,0,0,0,0,0,0,0,0,0,0,0,0,,,
1934,NEW WARLANDS FARM,North East,8.76335E+11,Pole Mounted,200,Not Applicable,10,Distribution,Unknown,20,0.4,101.9,ANNFIELD 66/20KV,DH7 6EX,DH7 6EX,Not Applicable,421352,548984,3.506554604,0.061277448,Improved grassland,0.04,Pasture/Arable,,,,,,Very low,Very low,Very low,Very low,Very low,0,0,0,0,0,0,0,0,0,0,0,0,0,0,0,0,0,0,,,
2047,HARPERLEY CROSS,North East,9.87734E+11,Pole Mounted,50,Not Applicable,≤5,Distribution,Unknown,20,0.4,Redacted,BRANCEPETH,DL15 8DU,Redacted,Not Applicable,413181,535475,3.46428442,0.060536958,Improved grassland,0.04,Pasture/Arable,,,,,,High,High,Very low,Very low,Very low,0,0,0,0.3,0.3,0.3,0.3,0.3,0.3,2.75654111,2.75654111,2.75654111,0.5,0.5,0.5,1.476962333,1.476962333,1.476962333,Significant,Significant,Significant
2153,CROOK CIVIC,North East,1.2785E+11,Ground Mounted,500,Not Applicable,12,Distribution,Yes,20,0.4,116.9,BRANCEPETH,DL15 9EL,"DL15 9EF, DL15 9ES, DL15 9HT",Not Applicable,416456,535631,3.409098387,0.059570306,Suburban,0.013,Urban,,,,,,Low,Low,Very low,Very low,Very low,0,0,0,0,0,0.3,0,0,0.3,0,0,8.413675006,0,0,1,0,0,3.674102502,,,Extreme
3191,LOWHILLS NORTH,North East,1.46608E+11,Ground Mounted,315,Not Applicable,≤5,Distribution,Yes,11,0.4,Redacted,PETERLEE INDUSTRIAL,SR8 2JF,Redacted,Not Applicable,441019,541809,3.330933332,0.058201338,Suburban,0.013,Urban,,,,,,High,High,High,High,Medium,0,0,0,0.9,1.2,1.2,0.9,1.2,1.2,17.298886,20.95610799,20.95610799,1,1,1,17.0189974,26.74732959,26.74732959,Extreme,Extreme,Extreme
2896,FERRYHILL PUMPS,North East,7.01736E+11,Pole Mounted,100,Not Applicable,≤5,Distribution,Yes,20,0.4,Redacted,SPENNYMOOR 66/20KV,DL17 0DR,Redacted,Not Applicable,429594,531624,3.323058605,0.058063433,Improved grassland,0.04,Pasture/Arable,Very low,Very low,Very low,Very low,Very low,,,,,,0,0,0,0,0,0,0,0,0,0,0,0,0,0,0,0,0,0,,,
1623,WILLINGTON TILERY,North East,7.52398E+11,Pole Mounted,200,Not Applicable,≤5,Distribution,Yes,20,0.4,Redacted,TORONTO 66/20KV,DL15 0TY,Redacted,Not Applicable,421760,535377,3.322447777,0.058052736,Suburban,0.013,Urban,,,,,,Low,Very low,Very low,Very low,Very low,0,0,0,0,0,0.2,0,0,0.2,0,0,6.338521856,0,0,0,0,0,1.367704371,,,Significant
4008,LAMBTON PARK SEWAGE,North East,1.22748E+11,Pole Mounted,50,Not Applicable,≤5,Distribution,Yes,11,0.4,Redacted,OFFERTON 33/11KV,DH3 4PU,Redacted,Not Applicable,430090,552032,3.306892395,0.057780333,Broadleaved woodland,0.1,Woodland,,,,,,High,High,Very low,Very low,Very low,0,0,0,0.3,0.3,0.3,0.3,0.3,0.3,1.077219459,1.077219459,1.077219459,0.5,0.5,0.5,0.973165838,0.973165838,0.973165838,Moderate,Moderate,Moderate
286,BOWES EAST,North East,1.48104E+11,Pole Mounted,100,Not Applicable,75,Distribution,Unknown,20,0.4,Redacted,HARMIRE BRIDGE,DL12 9HU,"DL12 9HU, DL12 9HL, DL12 9HD, DL12 9HW, DL12 9PH, DL12 9LW, DL12 9HB, DL12 9RH, DL12 9HP, DL12 9HN, DL12 9HH, DL12 9HT, DL12 9HR, DL12 9HJ, DL12 9LP",Not Applicable,399602,513553,3.291699886,0.057514292,Improved grassland,0.04,Pasture/Arable,,,,,,Very low,Very low,Very low,Very low,Very low,0,0,0,0,0,0,0,0,0,0,0,0,0,0,0,0,0,0,,,
980,STAINDROP PUMPS,North East,8.00254E+11,Pole Mounted,200,Not Applicable,≤5,Distribution,Yes,20,0.4,Redacted,HARMIRE BRIDGE,DL2 3NS,Redacted,Not Applicable,413774,520097,3.219396591,0.056248279,Arable and horticulture,0.03,Pasture/Arable,Medium,Medium,Very low,Very low,Very low,,,,,,0,0.3,0.3,0,0,0,0,0.3,0.3,0,3.542807325,3.542807325,0,0.5,0.5,0,1.712842197,1.712842197,,Significant,Significant
2352,WHITWORTH SCHOOL,North East,2.18439E+11,Ground Mounted,500,Not Applicable,≤5,Distribution,Unknown,11,0.4,Redacted,LOW SPENNYMOOR,DL16 7LN,Redacted,Not Applicable,424911,533284,3.158388615,0.055180183,Suburban,0.013,Urban,,,,,,Medium,Very low,Very low,Very low,Very low,0,0,0,0,0.2,0.2,0,0.2,0.2,0,6.179711704,6.179711704,0,0,0,0,1.335942341,1.335942341,,Significant,Significant
2498,HOUGHALL CELL,North East,7.00117E+11,Pole Mounted,25,Not Applicable,≤5,Distribution,No,11,0.4,Redacted,BELMONT,DH1 3PJ,Redacted,Not Applicable,428563,540885,3.154843569,0.055118123,Improved grassland,0.04,Pasture/Arable,Low,Low,Low,Very low,Very low,,,,,,0,0,0.6,0,0,0,0,0,0.6,0,0,4.175303508,0,0,0.5,0,0,3.305182105,,,Extreme
593,ST HELENS BOYDEN,North East,4.05648E+11,Ground Mounted,315,Not Applicable,71,Distribution,Unknown,11,0.4,51.1,FYLANDS BRIDGE,DL14 9EF,"DL14 0HR, DL14 9FB, DL14 9DP, DL14 9EF, DL14 9DX",Not Applicable,418310,526914,3.143792868,0.054924668,Suburban,0.013,Urban,,,,,,Low,Very low,Very low,Very low,Very low,0,0,0,0,0,0.2,0,0,0.2,0,0,6.165387297,0,0,0,0,0,1.333077459,,,Significant
919,BILDERSHAW GRANGE,North East,5.59445E+11,Pole Mounted,25,Not Applicable,≤5,Distribution,Unknown,20,0.4,Redacted,TORONTO 66/20KV,DL14 9PL,Redacted,Not Applicable,419532,524429,3.12962842,0.054676709,Improved grassland,0.04,Pasture/Arable,,,,,,Very low,Very low,Very low,Very low,Very low,0,0,0,0,0,0,0,0,0,0,0,0,0,0,0,0,0,0,,,
3351,ATKINSON GROVE,North East,98189230865,Ground Mounted,500,Not Applicable,79,Distribution,Yes,20,0.4,60.4,HAWTHORN PIT,DH6 2YA,DH6 2YB,Not Applicable,438979,541006,3.097712994,0.054118031,Suburban,0.013,Urban,,,,,,Medium,Medium,Low,Very low,Very low,0,0,0,0,0.3,0.6,0,0.3,0.6,0,8.019398819,12.73000212,0,1,1,0,3.555819646,8.938001273,,Extreme,Extreme
2902,FINCHALE ROAD,North East,8.95552E+11,Ground Mounted,1000,Not Applicable,25,Distribution,Yes,11,0.4,350,DURHAM EAST,DH1 5ST,DH5 5ST,Not Applicable,427146,545480,3.082252026,0.0538474,Urban,0.013,Urban,,,,,,Low,Very low,Very low,Very low,Very low,0,0,0,0,0,0.2,0,0,0.2,0,0,6.104625333,0,0,0,0,0,1.320925067,,,Significant
1487,PRESSER PUMPS,North East,5.61321E+11,Pole Mounted,25,Not Applicable,≤5,Distribution,Unknown,20,0.4,Redacted,CONSETT,DH8 9XB,Redacted,Not Applicable,395998,547800,3.024050236,0.052828697,Calcareous grassland,0.04,Pasture/Arable,,,,,,Very low,Very low,Very low,Very low,Very low,0,0,0,0,0,0,0,0,0,0,0,0,0,0,0,0,0,0,,,
3694,DELVES LANE EAST,North East,5.55383E+11,Ground Mounted,500,Not Applicable,186,Distribution,Yes,20,0.4,137.9,CONSETT,DH8 7HN,"DH8 7HL, DH8 7JA, DH8 7JB, DH8 7HW, DH8 7HJ, DH8 7HN, DH8 7JF, DH8 7HZ, DH8 7HH",Not Applicable,411991,550060,2.98300457,0.052110343,Urban,0.013,Urban,,,,,,Low,Low,,,,0,0,0,0,0,0.3,0,0,0.3,0,0,7.869239864,0,0,1,0,0,3.510771959,,,Extreme
1350,SHILDON VAUGHAN,North East,9.92983E+11,Pole Mounted,200,Not Applicable,128,Distribution,No,11,0.4,109.1,FYLANDS BRIDGE,DL4 1PY,"DL4 1JZ, DL4 1FB, DL4 1JX, DL4 1FD, DL4 1LD, DL4 1LA, DL4 1PY, DL4 1LW, DL4 1LE",Not Applicable,421943,526303,2.948963881,0.051514626,Suburban,0.013,Urban,,,,,,Very low,Very low,Very low,Very low,Very low,0,0,0,0,0,0,0,0,0,0,0,0,0,0,0,0,0,0,,,
838,MORLEY MOOR,North East,1.5841E+11,Pole Mounted,25,Not Applicable,≤5,Distribution,Unknown,20,0.4,Redacted,SKERNESIDE,DL2 3JA,Redacted,Not Applicable,416374,521588,2.930037022,0.051183419,Improved grassland,0.04,Pasture/Arable,,,,,,Very low,Very low,Very low,Very low,Very low,0,0,0,0,0,0,0,0,0,0,0,0,0,0,0,0,0,0,,,
1576,BAYBRIDGE PUMPS,North East,9.73023E+11,Pole Mounted,25,Not Applicable,≤5,Distribution,Unknown,20,0.4,Redacted,CONSETT,DH8 9UG,Redacted,Not Applicable,395764,549771,2.927389145,0.051137084,Broadleaved woodland,0.1,Woodland,High,High,Medium,Low,Very low,,,,,,0.3,0.6,0.9,0,0,0,0.3,0.6,0.9,1.013402914,1.608676851,2.107963007,0.5,0.5,1,0.954020874,1.765206111,3.347166706,Moderate,Significant,Extreme
1245,WOODHAM,North East,6.81998E+11,Pole Mounted,200,Not Applicable,121,Distribution,Unknown,20,0.4,100.9,SKERNESIDE,DL17 0NP,"DL17 0NN, DL5 4YE, DL5 4YG, DL5 4YH, DL17 0LZ, DL5 4YF, DL5 4ST, DL5 4PA, DL5 4YD, DL5 4YQ",Not Applicable,428689,526680,2.892547369,0.050527409,Improved grassland,0.04,Pasture/Arable,High,Medium,Low,Low,Very low,,,,,,0.2,0.3,0.9,0,0,0,0.2,0.3,0.9,1.921867838,2.518359299,5.238398438,0,0.5,0.5,0.484373568,1.40550779,5.664558594,Low,Significant,Extreme
1861,WITTON PARK FILTER,North East,6.72858E+11,Pole Mounted,50,Not Applicable,≤5,Distribution,Yes,20,0.4,Redacted,TORONTO 66/20KV,DL14 0DW,Redacted,Not Applicable,417487,530354,2.826952934,0.049379713,Broadleaved woodland,0.1,Woodland,,,,,,Very low,Very low,Very low,Very low,Very low,0,0,0,0,0,0,0,0,0,0,0,0,0,0,0,0,0,0,,,
3142,HESLEDON INDUSTRIAL,North East,9.30826E+11,Ground Mounted,1000,Not Applicable,37,Distribution,Yes,20,0.4,213.1,STONEY CUT,SR7 8ST,"SR7 9DU, SR7 9HU, SR7 8AL, SR7 8ST, SR7 8RL",Not Applicable,440930,547055,2.814813614,0.049167327,Suburban,0.013,Urban,,,,,,Low,,,,,0,0,0,0,0,0.2,0,0,0.2,0,0,5.833308514,0,0,0,0,0,1.266661703,,,Significant
3730,LOWERY LANE WHITEHOUSE,North East,9.07903E+11,Pole Mounted,100,Not Applicable,≤5,Distribution,Unknown,20,0.4,Redacted,ANNFIELD 66/20KV,DH9 6EN,Redacted,Not Applicable,421593,550478,2.806390524,0.049019963,Suburban,0.013,Urban,,,,,,Low,Very low,Very low,Very low,Very low,0,0,0,0,0,0.2,0,0,0.2,0,0,5.824560118,0,0,0,0,0,1.264912024,,,Significant
3961,STANLEY GRAMMAR,North East,89920403567,Ground Mounted,500,Not Applicable,43,Distribution,Yes,11,0.4,128.2,TANFIELD,DH9 8AU,"DH9 9NH, DH9 8AY, DH9 8AS, DH9 8BE, DH9 9NQ, DH9 8AX, DH9 8BG",Not Applicable,418990,553650,2.780859709,0.048573305,Suburban,0.013,Urban,,,,,,Very low,Very low,Very low,Very low,Very low,0,0,0,0,0,0,0,0,0,0,0,0,0,0,0,0,0,0,,,
1857,WILLINGTON SEWAGE,North East,7.53584E+11,Ground Mounted,300,Not Applicable,≤5,Distribution,Yes,20,0.4,Redacted,TORONTO 66/20KV,DL15 0DJ,Redacted,Not Applicable,420990,534462,2.779972315,0.04855778,Broadleaved woodland,0.1,Woodland,Low,Low,Very low,Very low,Very low,,,,,,0,0,0.3,0,0,0,0,0,0.3,0,0,0.98751473,0,0,0.5,0,0,0.946254419,,,Moderate
200,BOWES HAZELGILL,North East,2.38708E+11,Pole Mounted,25,Not Applicable,≤5,Distribution,Unknown,20,0.4,Redacted,HARMIRE BRIDGE,DL12 9JF,Redacted,Not Applicable,397778,515521,2.771343231,0.04840682,Improved grassland,0.04,Pasture/Arable,Medium,Medium,Very low,Very low,Very low,,,,,,0,0.3,0.3,0,0,0,0,0.3,0.3,0,2.464946267,2.464946267,0,0.5,0.5,0,1.38948388,1.38948388,,Significant,Significant
2540,NETTLESWORTH SOUTH SW,North East,65044549884,Pole Mounted,25,Not Applicable,≤5,Distribution,No,20,0.4,Redacted,TBC,DH2 3PN,Redacted,Not Applicable,425063,547850,2.755836964,0.048135554,Broadleaved woodland,0.1,Woodland,,,,,,Very low,Very low,Very low,Very low,Very low,0,0,0,0,0,0,0,0,0,0,0,0,0,0,0,0,0,0,,,
3810,CRICKET TERRACE,North East,5.37122E+11,Ground Mounted,500,Not Applicable,164,Distribution,Yes,11,0.4,400,TANFIELD,NE16 6QH,"NE16 6HW, NE16 6PU, NE16 6QJ, NE16 6JQ, NE16 6HP, NE16 6PT, NE16 6JH, NE16 6QG, NE16 6QL, NE16 6HN, NE16 6JJ, NE16 6QF, NE16 6QB, NE16 6QH, NE16 6QQ",Not Applicable,417284,556865,2.728150129,0.047651219,Suburban,0.013,Urban,,,,,,Low,Very low,Very low,Very low,Very low,0,0,0,0,0,0.2,0,0,0.2,0,0,5.742667274,0,0,0,0,0,1.248533455,,,Moderate
2988,BEESBANK SEWAGE,North East,64812181513,Pole Mounted,50,Not Applicable,≤5,Distribution,Unknown,11,0.4,Redacted,POTTER HOUSE T1 T3,DH1 5SG,Redacted,Not Applicable,429986,546662,2.722445965,0.047551437,Improved grassland,0.04,Pasture/Arable,,,,,,Very low,Very low,Very low,Very low,Very low,0,0,0,0,0,0,0,0,0,0,0,0,0,0,0,0,0,0,,,
4014,MOORES CHESTER,North East,2.10291E+11,Ground Mounted,500,Not Applicable,36,Distribution,Yes,11,0.4,314.9,HIGH FLATTS,DH3 3BE,"DH3 3AE, DH3 3AW, DH3 3QF, DH3 3BE, DH3 3BH, DH3 3PD, DH3 3BD, DH3 3PZ",Not Applicable,427503,551509,2.710084677,0.047335207,Urban,0.013,Urban,,,,,,Medium,Low,Very low,Very low,Very low,0,0,0,0,0.2,0.3,0,0.2,0.3,0,5.723593519,7.50002923,0,0,1,0,1.244718704,3.400008769,,Moderate,Extreme
23,GILMONBY,North East,1.92109E+11,Pole Mounted,50,Not Applicable,7,Distribution,Unknown,20,0.4,40.5,HARMIRE BRIDGE,DL12 9LY,"DL12 9LS, DL12 9LR, DL12 9LT",Not Applicable,399418,512989,2.674762964,0.046717363,Improved grassland,0.04,Pasture/Arable,,,,,,Low,Very low,Very low,Very low,Very low,0,0,0,0,0,0.2,0,0,0.2,0,0,1.847988084,0,0,0,0,0,0.469597617,,,Low
444,LOW GARTH,North East,1.32346E+11,Pole Mounted,50,Not Applicable,≤5,Distribution,No,20,0.4,Redacted,TORONTO 66/20KV,DL14 0NB,Redacted,Not Applicable,415368,527111,2.642514944,0.046153315,Arable and horticulture,0.03,Pasture/Arable,,,,,,Very low,Very low,Very low,Very low,Very low,0,0,0,0,0,0,0,0,0,0,0,0,0,0,0,0,0,0,,,
2086,WITTON BECK,North East,5.91317E+11,Pole Mounted,25,Not Applicable,≤5,Distribution,Unknown,20,0.4,Redacted,TORONTO 66/20KV,DL14 0DE,Redacted,Not Applicable,415454,529860,2.64177227,0.046140326,Improved grassland,0.04,Pasture/Arable,,,,,,Very low,Very low,Very low,Very low,Very low,0,0,0,0,0,0,0,0,0,0,0,0,0,0,0,0,0,0,,,
449,MARWOOD GREEN,North East,7.22878E+11,Pole Mounted,25,Not Applicable,≤5,Distribution,Yes,20,0.4,Redacted,HARMIRE BRIDGE,DL12 8SB,Redacted,Not Applicable,405144,522136,2.626283169,0.045869418,Improved grassland,0.04,Pasture/Arable,,,,,,Very low,Very low,Very low,Very low,Very low,0,0,0,0,0,0,0,0,0,0,0,0,0,0,0,0,0,0,,,
3010,BRANCEPETH VILLAGE,North East,1.6231E+11,Pole Mounted,200,Not Applicable,40,Distribution,Yes,20,0.4,50.5,BRANCEPETH,DH7 8EW,"DH7 8DQ, DH7 8EP, DH7 8DD, DH7 8DG, DH7 8EL, DH7 8DE, DH7 8EW",Not Applicable,422265,538092,2.594182491,0.045307991,Arable and horticulture,0.03,Pasture/Arable,,,,,,High,Medium,Very low,Very low,Very low,0,0,0,0.2,0.3,0.3,0.2,0.3,0.3,2.426532675,3.179657313,3.179657313,0,0.5,0.5,0.585306535,1.603897194,1.603897194,Low,Significant,Significant
3501,PETERLEE CENTRE,North East,50829116523,Ground Mounted,1000,Not Applicable,≤5,Distribution,Yes,11,0.4,Redacted,SHOTTON,SR8 1AJ,Redacted,Not Applicable,443005,540621,2.582234144,0.045099027,Urban,0.013,Urban,,,,,,Medium,Low,Low,Very low,Very low,0,0,0,0,0.2,0.6,0,0.2,0.6,0,5.586762751,11.62093482,0,0,1,0,1.21735255,8.272560893,,Moderate,Extreme
3566,PETERLEE ASDA,North East,5.0874E+11,Ground Mounted,800,Not Applicable,≤5,Distribution,Unknown,11,0.4,Redacted,SHOTTON,SR8 1AJ,Redacted,Not Applicable,443009,540620,2.582234144,0.045099027,Urban,0.013,Urban,,,,,,Medium,Medium,Low,Very low,Very low,0,0,0,0,0.3,0.6,0,0.3,0.6,0,7.320730201,11.62093482,0,1,1,0,3.34621906,8.272560893,,Extreme,Extreme
3510,DENEHOLME PUMPS,North East,2.24574E+11,Ground Mounted,1000,Not Applicable,≤5,Distribution,Yes,11,0.4,Redacted,SHOTTON,SR8 4HN,Redacted,Not Applicable,445154,540454,2.579012156,0.045042678,Urban,0.013,Urban,Medium,Very low,Very low,Very low,Very low,Low,Very low,Very low,Very low,Very low,0,0.2,0.2,0,0,0.2,0,0.2,0.2,0,5.583271497,5.583271497,0,0,0,0,1.216654299,1.216654299,,Moderate,Moderate
2677,SHERBURN HILL VILLAGE,North East,3.25249E+11,Ground Mounted,300,Not Applicable,54,Distribution,Yes,6,0.4,167.5,BELMONT,DH6 1HG,"DH6 1HG, DH6 1HQ",Not Applicable,432932,542212,2.572507858,0.044928927,Suburban,0.013,Urban,,,,,,Low,,,,,0,0,0,0,0,0.2,0,0,0.2,0,0,5.576217021,0,0,0,0,0,1.215243404,,,Moderate
3582,CONYERS CRESCENT,North East,7.4219E+11,Ground Mounted,500,Not Applicable,103,Distribution,Yes,11,0.4,150,SHOTTON,SR8 4AR,"SR8 4BA, SR8 4AB, SR8 4AD, SR8 4AA, SR8 4AY, SR8 4AX, SR8 4AU, SR8 4BB, SR8 4AR",Not Applicable,443628,542082,2.559223413,0.044696604,Urban,0.013,Urban,,,,,,Very low,Very low,Very low,Very low,Very low,0,0,0,0,0,0,0,0,0,0,0,0,0,0,0,0,0,0,,,
1653,RED HOUSES LANCHESTER,North East,9.6526E+11,Pole Mounted,50,Not Applicable,≤5,Distribution,No,20,0.4,Redacted,ANNFIELD 66/20KV,DH8 9HA,Redacted,Not Applicable,411704,546547,2.521682024,0.044040093,Broadleaved woodland,0.1,Woodland,,,,,,Very low,Very low,Very low,Very low,Very low,0,0,0,0,0,0,0,0,0,0,0,0,0,0,0,0,0,0,,,
2594,BRANCEPETH PARK,North East,5.61257E+11,Pole Mounted,100,Not Applicable,9,Distribution,Unknown,20,0.4,30.6,BRANCEPETH,DH7 8DZ,"DH7 8EA, DH7 8DZ",Not Applicable,422959,537863,2.497898579,0.043624196,Improved grassland,0.04,Pasture/Arable,,,,,,High,High,Very low,Very low,Very low,0,0,0,0.3,0.3,0.3,0.3,0.3,0.3,2.340010995,2.340010995,2.340010995,0.5,0.5,0.5,1.352003299,1.352003299,1.352003299,Significant,Significant,Significant
1687,ESH GREEN COURT,North East,39641315855,Ground Mounted,300,Not Applicable,66,Distribution,Yes,20,0.4,77.9,POTTER HOUSE T1 T3,DH7 9RY,"DH7 9QG, DH7 9QZ, DH7 9QY, DH7 9QR, DH7 9RY, DH7 9QU, DH7 9RA, DH7 9QS",Not Applicable,419820,544045,2.476204157,0.043244843,Suburban,0.013,Urban,,,,,,Very low,Very low,Very low,Very low,Very low,0,0,0,0,0,0,0,0,0,0,0,0,0,0,0,0,0,0,,,
1362,PARK HEAD,North East,61165733771,Pole Mounted,16,Not Applicable,≤5,Distribution,Unknown,20,0.4,Redacted,EASTGATE CEMENT,DL13 2YX,Redacted,Not Applicable,400288,543031,2.445510864,0.042708154,Acid grassland,0.04,Pasture/Arable,,,,,,Very low,Very low,Very low,Very low,Very low,0,0,0,0,0,0,0,0,0,0,0,0,0,0,0,0,0,0,,,
2657,SACRISTON SOUTH,North East,9.05964E+11,Ground Mounted,500,Not Applicable,142,Distribution,Yes,20,0.4,200,POTTER HOUSE T1 T3,DH7 6LN,"DH7 6LQ, DH7 6LD, DH7 6LL, DH7 6NU, DH7 6LG, DH7 6NT, DH7 6LX, DH7 6LN, DH7 6LF, DH7 6FE, DH7 6HJ, DH7 6LE, DH7 9NR, DH7 6LH, DH7 6LB, DH7 6LA, DH7 6LR, DH7 6FW",Not Applicable,424221,546884,2.420584917,0.042272329,Suburban,0.013,Urban,,,,,,Low,,,,,0,0,0,0,0,0.2,0,0,0.2,0,0,5.40884746,0,0,0,0,0,1.181769492,,,Moderate
1566,HARWOOD FORCE,North East,7.75085E+11,Pole Mounted,7.5,Not Applicable,≤5,Distribution,No,20,0.4,Redacted,EASTGATE CEMENT,DL12 0HX,Redacted,Not Applicable,382211,533317,2.406862259,0.042032398,Bog,0.04,Pasture/Arable,High,High,Low,Very low,Very low,Very low,Very low,Very low,Very low,Very low,0.3,0.3,0.6,0,0,0,0.3,0.3,0.6,2.29692208,2.29692208,3.646136526,0.5,0.5,0.5,1.339076624,1.339076624,2.987681916,Significant,Significant,Extreme
807,HILTON LODGE,North East,9.66078E+11,Pole Mounted,25,Not Applicable,≤5,Distribution,Unknown,20,0.4,Redacted,TORONTO 66/20KV,DL14 9NR,Redacted,Not Applicable,416228,523896,2.394647598,0.041818837,Improved grassland,0.04,Pasture/Arable,,,,,,Very low,Very low,Very low,Very low,Very low,0,0,0,0,0,0,0,0,0,0,0,0,0,0,0,0,0,0,,,
679,EVENWOOD STONES END,North East,4.4038E+11,Ground Mounted,1000,Not Applicable,248,Distribution,Unknown,20,0.4,127.1,TORONTO 66/20KV,DL14 9RE,"DL14 9RE, DL14 9QZ, DL14 9RB, DL14 9RQ, DL14 9RN, DL14 9RD, DL14 9RL, DL14 9RG, DL14 9RA",Not Applicable,415344,525242,2.394565344,0.041817399,Urban,0.013,Urban,,,,,,Very low,Very low,Very low,Very low,Very low,0,0,0,0,0,0,0,0,0,0,0,0,0,0,0,0,0,0,,,
224,LUNEDALE ARNGILL,North East,8.44731E+11,Pole Mounted,7.5,Not Applicable,≤5,Distribution,No,20,0.4,Redacted,HARMIRE BRIDGE,DL12 0PB,Redacted,Not Applicable,386125,521021,2.391747236,0.041768128,Heather grassland,0.05,Pasture/Arable,Very low,Very low,Very low,Very low,Very low,,,,,,0,0,0,0,0,0,0,0,0,0,0,0,0,0,0,0,0,0,,,
1675,DROVERHOUSE PUMPS,North East,6.97395E+11,Pole Mounted,100,Not Applicable,≤5,Distribution,Yes,20,0.4,Redacted,ANNFIELD 66/20KV,DL13 4JF,Redacted,Not Applicable,410587,542657,2.383342981,0.041621191,Improved grassland,0.04,Pasture/Arable,,,,,,Low,Low,Very low,Very low,Very low,0,0,0,0,0,0.3,0,0,0.3,0,0,2.285658961,0,0,0.5,0,0,1.335697688,,,Significant
3291,NORBURN PARK,North East,1.04751E+11,Ground Mounted,500,Not Applicable,157,Distribution,Yes,20,0.4,133.3,POTTER HOUSE T1 T3,DH7 6SG,"DH7 6SF, DH7 6SG, DH7 6SQ",Not Applicable,423465,546200,2.382713079,0.041610178,Urban,0.013,Urban,,,,,,Low,,,,,0,0,0,0,0,0.2,0,0,0.2,0,0,5.366318343,0,0,0,0,0,1.173263669,,,Moderate
3421,COXHOE BRIDGE,North East,7.03245E+11,Pole Mounted,8,Not Applicable,≤5,Distribution,Unknown,20,0.4,Redacted,FISHBURN,DH6 4BA,Redacted,Not Applicable,432833,534933,2.380090475,0.041564326,Suburban,0.013,Urban,Low,Low,Low,Low,,High,High,Very low,Very low,Very low,0,0,0.9,0.3,0.3,0.3,0.3,0.3,0.9,7.027990865,7.027990865,14.61881011,1,1,1,3.258397259,3.258397259,14.6069291,Extreme,Extreme,Extreme
2155,CROOK WEST,North East,2.13582E+11,Ground Mounted,500,Not Applicable,127,Distribution,Yes,20,0.4,148.3,BRANCEPETH,DL15 9UY,"DL15 9NU, DL15 9UU, DL15 9TZ, DL15 9NT, DL15 9UY, DL15 9NS, DL15 9UT, DL15 9QB, DL15 9UX, DL15 9TY",Not Applicable,415140,535215,2.373720407,0.041452956,Suburban,0.013,Urban,,,,,,High,Very low,Very low,Very low,Very low,0,0,0,0.2,0.2,0.2,0.2,0.2,0.2,5.356170534,5.356170534,5.356170534,0,0,0,1.171234107,1.171234107,1.171234107,Moderate,Moderate,Moderate
3628,BLACKHALL EAST,North East,8.11311E+11,Ground Mounted,500,Not Applicable,294,Distribution,Yes,20,0.4,159.1,HARTMOOR 66/20KV,TS27 4HH,"TS27 4HG, TS27 4HH, TS27 4EJ, TS27 4EW, TS27 4EE, TS27 4ER, TS27 4EH, TS27 4FB, TS27 4EN, TS27 4ES, TS27 4EA, TS27 4ED, TS27 4EG, TS27 4HQ, TS27 4HF",Not Applicable,446012,539398,2.362243176,0.041252298,Suburban,0.013,Urban,,,,,,High,High,Very low,Very low,Very low,0,0,0,0.3,0.3,0.3,0.3,0.3,0.3,7.001561195,7.001561195,7.001561195,1,1,1,3.250468358,3.250468358,3.250468358,Extreme,Extreme,Extreme
3200,MERRINGTON PIGGERIES,North East,9.61206E+11,Pole Mounted,7,Not Applicable,≤5,Distribution,Unknown,20,0.4,Redacted,TORONTO 66/20KV,DL17 0ND,Redacted,Not Applicable,426610,529696,2.359639406,0.041206776,Broadleaved woodland,0.1,Woodland,Low,Very low,Very low,Very low,Very low,,,,,,0,0,0.2,0,0,0,0,0,0.2,0,0,0.694231501,0,0,0,0,0,0.2388463,,,Low
3107,WEST MURTON,North East,3.21095E+11,Pole Mounted,8,Not Applicable,≤5,Distribution,Unknown,20,0.4,Redacted,HARTMOOR 66/20KV,TS28 5NR,Redacted,Not Applicable,440296,532020,2.344903231,0.040949147,Urban,0.013,Urban,,,,,,Very low,Very low,Very low,Very low,Very low,0,0,0,0,0,0,0,0,0,0,0,0,0,0,0,0,0,0,,,
1091,AYCLIFFE HORNDALE,North East,9.03101E+11,Ground Mounted,1000,Not Applicable,11,Distribution,Yes,11,0.4,375,NEWTON AYCLIFFE SOUTH,DL5 6EJ,"DL5 6DR, DL5 6UF",Not Applicable,427126,524172,2.337534904,0.040820331,Suburban,0.013,Urban,,,,,,Low,Very low,Very low,Very low,Very low,0,0,0,0,0,0.2,0,0,0.2,0,0,5.315142403,0,0,0,0,0,1.163028481,,,Moderate
1453,STANHOPE INDUSTRIAL,North East,4.50004E+11,Pole Mounted,100,Not Applicable,7,Distribution,Unknown,20,0.4,29.5,EASTGATE CEMENT,DL13 2YS,"DL13 2YT, DL13 2YS, DL13 2YF",Not Applicable,399954,538609,2.301232338,0.040185692,Suburban,0.013,Urban,Low,Low,Low,Very low,Very low,,,,,,0,0,0.6,0,0,0,0,0,0.6,0,0,10.96966101,0,0,1,0,0,7.881796608,,,Extreme
1784,BEDBURN FOREST,North East,8.12056E+11,Pole Mounted,50,Not Applicable,≤5,Distribution,No,20,0.4,Redacted,TORONTO 66/20KV,DL13 3NL,Redacted,Not Applicable,409208,531218,2.295677662,0.040088588,Suburban,0.013,Urban,Low,Low,Very low,Very low,Very low,Very low,Very low,Very low,Very low,Very low,0,0,0.3,0,0,0,0,0,0.3,0,0,6.902099249,0,0,1,0,0,3.220629775,,,Extreme
3537,SEAHAM SOUTH TERRACE,North East,4.31902E+11,Ground Mounted,800,Not Applicable,9,Distribution,Yes,20,0.4,199.6,STONEY CUT,SR7 7DR,"SR7 7HF, SR7 7DR",Not Applicable,443026,549256,2.294722319,0.040071888,Urban,0.013,Urban,,,,,,Medium,Very low,Very low,Very low,Very low,0,0,0,0,0.2,0.2,0,0.2,0.2,0,5.266190268,5.266190268,0,0,0,0,1.153238054,1.153238054,,Moderate,Moderate
3545,YODEN,North East,2.65398E+11,Ground Mounted,1000,Not Applicable,67,Distribution,Yes,11,0.4,539.9,SHOTTON,SR8 1AS,"SR8 1BP, SR8 1AX, SR8 1AE, SR8 5HA, SR8 1BS, SR8 1AT, SR8 1AS, SR8 1AW, SR8 1AL, SR8 1AP, SR8 1AR, SR8 1BB",Not Applicable,443044,540710,2.272618771,0.039685495,Urban,0.013,Urban,,,,,,High,High,High,Medium,Low,0,0,0,0.6,0.9,1.2,0.6,0.9,1.2,10.90117672,14.28458253,17.30453939,1,1,1,7.840706029,14.30612428,22.36544726,Extreme,Extreme,Extreme
1605,TORONTO INN,North East,3.48993E+11,Pole Mounted,50,Not Applicable,9,Distribution,Unknown,20,0.4,18.1,TORONTO 66/20KV,DL14 7RJ,"DL14 7RH, DL14 7RJ",Not Applicable,419220,531089,2.26133585,0.039488262,Suburban,0.013,Urban,,,,,,High,Low,Very low,Very low,Very low,0,0,0,0.2,0.2,0.3,0.2,0.2,0.3,5.227699963,5.227699963,6.850224845,0,0,1,1.145539993,1.145539993,3.205067453,Moderate,Moderate,Extreme
3691,TANFIELD TREATMENT,North East,8.78334E+11,Ground Mounted,500,Not Applicable,≤5,Distribution,Yes,11,0.4,Redacted,TANFIELD,DH9 9UY,Redacted,Not Applicable,419420,554924,2.25822711,0.03943392,Suburban,0.013,Urban,Medium,Medium,Low,Low,Very low,,,,,,0,0.3,0.9,0,0,0,0,0.3,0.9,0,6.845509713,14.23923402,0,1,1,0,3.203652914,14.26531061,,Extreme,Extreme
896,BARFORD COMMUNICATIONS,North East,8.60754E+11,Pole Mounted,100,Not Applicable,≤5,Distribution,No,20,0.4,Redacted,HARMIRE BRIDGE,DL12 8TZ,Redacted,Not Applicable,409656,518770,2.242334127,0.039156106,Arable and horticulture,0.03,Pasture/Arable,,,,,,Very low,Very low,Very low,Very low,Very low,0,0,0,0,0,0,0,0,0,0,0,0,0,0,0,0,0,0,,,
2145,MIDDLE GAP,North East,5.95447E+11,Pole Mounted,15,Not Applicable,≤5,Distribution,Unknown,20,0.4,Redacted,CONSETT,DH8 9AG,Redacted,Not Applicable,409534,548419,2.239878178,0.039113176,Suburban,0.013,Urban,,,,,,Low,Very low,Very low,Very low,Very low,0,0,0,0,0,0.2,0,0,0.2,0,0,5.202812657,0,0,0,0,0,1.140562531,,,Moderate
1419,HARWOOD LOW END,North East,7.07215E+11,Pole Mounted,25,Not Applicable,≤5,Distribution,No,20,0.4,Redacted,EASTGATE CEMENT,DL12 0HX,Redacted,Not Applicable,382571,532667,2.236183882,0.0390486,Bog,0.04,Pasture/Arable,,,,,,Very low,Very low,Very low,Very low,Very low,0,0,0,0,0,0,0,0,0,0,0,0,0,0,0,0,0,0,,,
3721,LEADGATE SOUTH,North East,3.13636E+11,Ground Mounted,300,Not Applicable,250,Distribution,Yes,20,0.4,200.7,ANNFIELD 66/20KV,DH8 7RQ,"DH8 7QT, DH8 7RJ, DH8 7RH",Not Applicable,412797,551159,2.222033262,0.038801251,Improved grassland,0.04,Pasture/Arable,,,,,,Medium,Low,Very low,Very low,Very low,0,0,0,0,0.2,0.3,0,0.2,0.3,0,1.684158148,2.206871487,0,0,0.5,0,0.43683163,1.312061446,,Low,Significant
3580,CASTLE EDEN STATION,North East,43579669080,Ground Mounted,200,Not Applicable,48,Distribution,Yes,20,0.4,297.5,HARTMOOR 66/20KV,TS27 4TJ,"TS27 4SQ, TS27 4SD, TS27 4SG, TS27 4TJ",Not Applicable,442378,537620,2.211509943,0.038617309,Suburban,0.013,Urban,,,,,,Low,Very low,Very low,Very low,Very low,0,0,0,0,0,0.2,0,0,0.2,0,0,5.169727488,0,0,0,0,0,1.133945498,,,Moderate
4027,CHESTER CENTRAL,North East,3.88311E+11,Ground Mounted,1000,Not Applicable,457,Distribution,Yes,11,0.4,631.8,HIGH FLATTS,DH3 3BL,"DH3 3AY, DH3 3ED, DH3 3AB, DH3 3BJ, DH3 3DG, DH3 3QD, DH3 3PT, DH3 3DP, DH3 3DQ, DH3 3QB, DH3 4AH, DH3 3PU, DH3 3PX, DH3 3DR, DH3 3EJ, DH3 3DY, DH3 3DU, DH3 3BA, DH3 3DW, DH3 3AH, DH3 3DX, DH2 3LS, DH3 3DS, DH3 3BL, DH3 3AD, DH3 3EA, DH3 3BP, DH3 3PZ",Not Applicable,427438,551218,2.162137032,0.037754333,Urban,0.013,Urban,,,,,,Low,Low,Very low,Very low,Very low,0,0,0,0,0,0.3,0,0,0.3,0,0,6.698139965,0,0,1,0,0,3.159441989,,,Extreme
2631,CHILTON POPLAR,North East,9.25248E+11,Ground Mounted,750,Not Applicable,309,Distribution,Yes,20,0.4,220,TORONTO 66/20KV,DL17 0JP,"DL17 0RR, DL17 0JS",Not Applicable,428391,529662,2.14663434,0.037483377,Suburban,0.013,Urban,,,,,,Low,Very low,Very low,Very low,Very low,0,0,0,0,0,0.2,0,0,0.2,0,0,5.093261807,0,0,0,0,0,1.118652361,,,Moderate
3311,PETERLEE WAVENEY,North East,1.15522E+11,Ground Mounted,500,Not Applicable,169,Distribution,Yes,11,0.4,129.1,PETERLEE WEST,SR8 1HQ,"SR8 1HL, SR8 1LA, SR8 1HH, SR8 1JY, SR8 1JX, SR8 1HQ, SR8 1JU, SR8 1HJ, SR8 1HF, SR8 2NJ, SR8 1HG, SR8 1JZ, SR8 1HN, SR8 1JT, SR8 1LD",Not Applicable,441941,539715,2.136246443,0.037301821,Suburban,0.013,Urban,,,,,,Low,,,,,0,0,0,0,0,0.2,0,0,0.2,0,0,5.080911834,0,0,0,0,0,1.116182367,,,Moderate
2338,WALKERGATE NORTH,North East,4.24097E+11,Ground Mounted,1000,Not Applicable,40,Distribution,Unknown,11,0.4,325,BELMONT,DH1 1SW,"DH1 1SF, DH1 1SQ, DH1 1SW",Not Applicable,427440,542770,2.128841162,0.037172395,Urban,0.013,Urban,Medium,Low,Very low,Very low,Very low,,,,,,0,0.2,0.3,0,0,0,0,0.2,0.3,0,5.072089581,6.64631756,0,0,1,0,1.114417916,3.143895268,,Moderate,Extreme
3138,YORK CRESCENT,North East,3.31884E+11,Ground Mounted,500,Not Applicable,165,Distribution,Yes,11,0.4,127.5,DURHAM EAST,DH1 5PU,"DH1 5QB, DH1 5PX, DH1 5QS, DH1 5QN, DH1 5QJ, DH1 5PR, DH1 5PY, DH1 5QW, DH1 5PU, DH1 5QL",Not Applicable,427978,545635,2.087087631,0.036442671,Suburban,0.013,Urban,,,,,,Low,Very low,Very low,Very low,Very low,0,0,0,0,0,0.2,0,0,0.2,0,0,5.022058233,0,0,0,0,0,1.104411647,,,Moderate
38,LOW THORNBERRY,North East,15225519651,Pole Mounted,25,Not Applicable,≤5,Distribution,No,20,0.4,Redacted,HARMIRE BRIDGE,DL12 9JJ,Redacted,Not Applicable,401101,515926,2.071942091,0.036177983,Acid grassland,0.04,Pasture/Arable,,,,,,High,Low,Very low,Very low,Very low,0,0,0,0.2,0.2,0.3,0.2,0.2,0.3,1.626230792,1.626230792,2.130965176,0,0,0.5,0.425246158,0.425246158,1.289289553,Low,Low,Significant
3832,NORTH LEA,North East,8.6401E+11,Ground Mounted,300,Not Applicable,202,Distribution,Yes,11,0.4,170.3,TANFIELD,DH9 9PA,"DH9 9PA, DH9 9NW, DH9 9NT, DH9 9LY, DH9 9NN, DH9 9PB, DH9 9LZ, DH9 9LX",Not Applicable,418597,554205,2.064121008,0.036041301,Suburban,0.013,Urban,,,,,,High,Low,Very low,Very low,Very low,0,0,0,0.2,0.2,0.3,0.2,0.2,0.3,4.994325868,4.994325868,6.54441827,0,0,1,1.098865174,1.098865174,3.113325481,Moderate,Moderate,Extreme
3854,CONSETT CAMPUS,North East,8.66026E+11,Ground Mounted,500,Not Applicable,≤5,Distribution,Yes,20,0.4,Redacted,CONSETT,DH8 5EE,Redacted,Not Applicable,410646,550654,2.053469419,0.035855156,Urban,0.013,Urban,,,,,,Low,,,,,0,0,0,0,0,0.2,0,0,0.2,0,0,4.981411866,0,0,0,0,0,1.096282373,,,Moderate
2388,PETERLEE NORTH WEST 60,North East,4.4276E+11,Ground Mounted,1000,Not Applicable,≤5,Distribution,Yes,11,0.4,Redacted,PETERLEE INDUSTRIAL,SR8 2HY,Redacted,Not Applicable,440690,541189,2.034439564,0.035522599,Urban,0.013,Urban,,,,,,High,Very low,Very low,Very low,Very low,0,0,0,0.2,0.2,0.2,0.2,0.2,0.2,4.958256744,4.958256744,4.958256744,0,0,0,1.091651349,1.091651349,1.091651349,Moderate,Moderate,Moderate
2123,LANDIEU,North East,3.74573E+11,Pole Mounted,16,Not Applicable,≤5,Distribution,Unknown,20,0.4,Redacted,EASTGATE CEMENT,DL13 3BG,Redacted,Not Applicable,404623,536578,2.032361507,0.035486284,Suburban,0.013,Urban,,,,,,Low,Very low,Very low,Very low,Very low,0,0,0,0,0,0.2,0,0,0.2,0,0,4.955721691,0,0,0,0,0,1.091144338,,,Moderate
193,BALDERSDALE TREES,North East,6.38729E+11,Pole Mounted,16,Not Applicable,≤5,Distribution,No,20,0.4,Redacted,HARMIRE BRIDGE,DL12 9UW,Redacted,Not Applicable,397316,519201,2.023381948,0.035329365,Improved grassland,0.04,Pasture/Arable,,,,,,Very low,Very low,Very low,Very low,Very low,0,0,0,0,0,0,0,0,0,0,0,0,0,0,0,0,0,0,,,
2784,HOUGHALL EQUINE,North East,6.74042E+11,Pole Mounted,100,Not Applicable,≤5,Distribution,Unknown,11,0.4,Redacted,BELMONT,DH1 3SL,Redacted,Not Applicable,428010,540582,2.018536329,0.035244688,Broadleaved woodland,0.1,Woodland,Low,Very low,Very low,Very low,Very low,,,,,,0,0,0.2,0,0,0,0,0,0.2,0,0,0.642047014,0,0,0,0,0,0.228409403,,,Low
3016,BRASSIDE,North East,5.55549E+11,Pole Mounted,25,Not Applicable,≤5,Distribution,No,11,0.4,Redacted,BELMONT,DH1 5SQ,Redacted,Not Applicable,428928,545035,2.013494253,0.035156578,Improved grassland,0.04,Pasture/Arable,,,,,,Very low,Very low,Very low,Very low,Very low,0,0,0,0,0,0,0,0,0,0,0,0,0,0,0,0,0,0,,,
3521,HORDEN INDUSTRIAL,North East,7.80314E+11,Ground Mounted,500,Not Applicable,11,Distribution,Yes,11,0.4,22.7,SHOTTON,SR8 4LG,"SR8 4, SR8 4TQ, SR8 4PY, SR8 4LG",Not Applicable,444128,541673,1.998005629,0.034885919,Urban,0.013,Urban,,,,,,Low,Low,Very low,Very low,Very low,0,0,0,0,0,0.3,0,0,0.3,0,0,6.438666043,0,0,1,0,0,3.081599813,,,Extreme
4060,NEW LAMBTON,North East,2.86562E+11,Ground Mounted,300,Not Applicable,115,Distribution,Yes,11,0.4,123.2,OFFERTON 33/11KV,DH4 6DW,"DH4 6BJ, DH4 6DE, DH4 6BL, DH4 6BN, DH4 6BW, DH4 6DJ, DH4 6DH, DH4 6BP, DH4 6DA, DH4 6ED, DH4 6BH, DH4 6DW, DH4 6DB, DH4 6DZ, DH4 6DY, DH4 6DX, DH4 6DD",Not Applicable,431379,550918,1.982621074,0.034617083,Suburban,0.013,Urban,,,,,,Low,Low,Low,Very low,Very low,0,0,0,0,0,0.6,0,0,0.6,0,0,10.18128789,0,0,1,0,0,7.408772736,,,Extreme
2918,FREEMANS REACH NORTH,North East,5.84874E+11,Ground Mounted,1000,Not Applicable,≤5,Distribution,Unknown,11,0.4,Redacted,DURHAM EAST,DH1 1SL,Redacted,Not Applicable,427369,542785,1.966319919,0.034332236,Urban,0.013,Urban,Medium,Low,Low,Very low,Very low,,,,,,0,0.2,0.6,0,0,0,0,0.2,0.6,0,4.874473253,10.13931296,0,0,1,0,1.074894651,7.383587776,,Moderate,Extreme
133,LUNEDALE STACKHOLME,North East,1.98076E+11,Pole Mounted,25,Not Applicable,≤5,Distribution,No,20,0.4,Redacted,HARMIRE BRIDGE,DL12 0PB,Redacted,Not Applicable,388930,521505,1.949716568,0.034042115,Suburban,0.013,Urban,Very low,Very low,Very low,Very low,Very low,,,,,,0,0,0,0,0,0,0,0,0,0,0,0,0,0,0,0,0,0,,,
1160,LEE BUNGALOW,North East,8.71735E+11,Pole Mounted,7.5,Not Applicable,≤5,Distribution,No,20,0.4,Redacted,SKERNESIDE,TS21 1NG,Redacted,Not Applicable,431519,522816,1.935213685,0.0337887,Arable and horticulture,0.03,Pasture/Arable,,,,,,High,High,High,Low,Very low,0,0,0,0.6,0.6,0.9,0.6,0.6,0.9,4.358783742,4.358783742,5.711622491,0.5,0.5,0.5,3.415270245,3.415270245,6.090460242,Extreme,Extreme,Extreme
1493,BOLLIHOPE,North East,5.35427E+11,Pole Mounted,200,Not Applicable,≤5,Distribution,Unknown,20,0.4,Redacted,EASTGATE CEMENT,DL13 2TA,Redacted,Not Applicable,399726,534895,1.921242952,0.033544589,Suburban,0.013,Urban,Medium,Low,Very low,Very low,Very low,,,,,,0,0.2,0.3,0,0,0,0,0.2,0.3,0,4.818233914,6.313672533,0,0,1,0,1.063646783,3.04410176,,Moderate,Extreme
2785,HOUGHALL FARM,North East,3.64987E+11,Pole Mounted,200,Not Applicable,8,Distribution,Unknown,11,0.4,14.7,BELMONT,DH1 3SF,"DH1 3SJ, DH1 3SN, DH1 3SF",Not Applicable,427979,540398,1.895207882,0.033089687,Broadleaved woodland,0.1,Woodland,High,High,High,High,High,,,,,,1.2,1.2,1.2,0,0,0,1.2,1.2,1.2,2.0541579,2.0541579,2.0541579,1,1,1,4.06498948,4.06498948,4.06498948,Extreme,Extreme,Extreme
1106,AYCLIFFE TEKMAR,North East,5.65074E+11,Ground Mounted,1000,Not Applicable,≤5,Distribution,Unknown,11,0.4,Redacted,HEIGHINGTON,DL5 6SH,Redacted,Not Applicable,427625,522164,1.876644731,0.032765347,Urban,0.013,Urban,,,,,,Low,,,,,0,0,0,0,0,0.2,0,0,0.2,0,0,4.761941236,0,0,0,0,0,1.052388247,,,Moderate
2835,MIDDLESTONE MOOR SOUTH,North East,8.99593E+11,Pole Mounted,50,Not Applicable,≤5,Distribution,Unknown,20,0.4,Redacted,SPENNYMOOR 66/20KV,DL16 7QD,Redacted,Not Applicable,424387,531823,1.870222092,0.032653131,Improved grassland,0.04,Pasture/Arable,,,,,,Medium,Low,Very low,Very low,Very low,0,0,0,0,0.2,0.3,0,0.2,0.3,0,1.544978433,2.024494467,0,0,0.5,0,0.408995687,1.25734834,,Low,Significant
713,BISHOP AUCKLAND ANDREWS,North East,9.86374E+11,Ground Mounted,500,Not Applicable,95,Distribution,Yes,11,0.4,115.8,FYLANDS BRIDGE,DL14 6RY,"DL14 6RY, DL14 6SE, DL14 6XE, DL14 6SF, DL14 6TJ, DL14 6UR, DL14 6SH, DL14 6SA",Not Applicable,421481,528420,1.829674125,0.031944697,Suburban,0.013,Urban,Low,Low,Low,Very low,Very low,,,,,,0,0,0.6,0,0,0,0,0,0.6,0,0,9.780405681,0,0,1,0,0,7.168243408,,,Extreme
3904,DERWENTCOTE EAST,North East,5.68494E+11,Pole Mounted,50,Not Applicable,8,Distribution,Unknown,20,0.4,11.6,CONSETT,NE39 1NG,"NE39 1NF, NE39 1NG, NE39 1BH",Not Applicable,413266,556158,1.817874312,0.031738543,Broadleaved woodland,0.1,Woodland,,,,,,Medium,High,Medium,Low,Low,0,0,0,0.3,0.6,1.2,0.3,0.6,1.2,0.798376346,1.267343452,2.011782329,0.5,0.5,1,0.889512904,1.560406071,4.014138795,Moderate,Significant,Extreme
3348,ARNISON RETAIL NORTH,North East,6.16821E+11,Ground Mounted,800,Not Applicable,9,Distribution,Yes,11,0.4,129.3,DURHAM EAST,DH1 5GB,"DH1 5GD, DH1 5GB",Not Applicable,426997,546013,1.816210151,0.031709468,Suburban,0.013,Urban,,,,,,Medium,Low,Very low,Very low,Very low,0,0,0,0,0.2,0.3,0,0.2,0.3,0,4.684585028,6.138542948,0,0,1,0,1.036917006,2.991562884,,Moderate,Extreme
1719,HORSLEYHOPE MILL,North East,8.10548E+11,Pole Mounted,50,Not Applicable,≤5,Distribution,Unknown,20,0.4,Redacted,CONSETT,DH8 9DE,Redacted,Not Applicable,406246,547404,1.805661678,0.031525179,Improved grassland,0.04,Pasture/Arable,,,,,,Medium,Very low,Very low,Very low,Very low,0,0,0,0,0.2,0.2,0,0.2,0.2,0,1.51805947,1.51805947,0,0,0,0,0.403611894,0.403611894,,Low,Low
2118,KNITSLEY SEWAGE,North East,2.37984E+11,Pole Mounted,100,Not Applicable,≤5,Distribution,Unknown,20,0.4,Redacted,ANNFIELD 66/20KV,DH8 9EW,Redacted,Not Applicable,412357,548176,1.798387289,0.031398091,Improved grassland,0.04,Pasture/Arable,Low,Low,Very low,Very low,Very low,,,,,,0,0,0.3,0,0,0,0,0,0.3,0,0,1.985207016,0,0,0,0,0,0.745562105,,,Low
1696,FROSTERLEY BRIDGE,North East,7.76964E+11,Pole Mounted,200,Not Applicable,51,Distribution,Unknown,20,0.4,33,EASTGATE CEMENT,DL13 2SL,"DL13 2QZ, DL13 2QL, DL13 2QJ, DL13 2QG, DL13 2QN, DL13 2RB, DL13 2SL, DL13 2RA, DL13 2QW, DL13 2QT",Not Applicable,402336,536936,1.794479012,0.031329812,Broadleaved woodland,0.1,Woodland,Low,Low,,,,High,High,Very low,Very low,Very low,0,0,0.3,0.3,0.3,0.3,0.3,0.3,0.3,0.793218916,0.793218916,0.793218916,0.5,0.5,0.5,0.887965675,0.887965675,0.887965675,Moderate,Moderate,Moderate
1831,SCOTCH ISLE,North East,4.0876E+11,Pole Mounted,15,Not Applicable,≤5,Distribution,No,20,0.4,Redacted,TORONTO 66/20KV,DL13 3JB,Redacted,Not Applicable,408955,536598,1.793819427,0.031318289,Suburban,0.013,Urban,Medium,Medium,Low,Low,Very low,High,Medium,Low,Low,Very low,0,0.3,0.9,0.2,0.3,0.9,0.2,0.3,0.9,4.655599954,6.100561758,12.68967982,0,1,1,1.031119991,2.980168527,12.87071184,Moderate,Extreme,Extreme
1961,FROSTERLEY SEWAGE,North East,6.52459E+11,Pole Mounted,25,Not Applicable,≤5,Distribution,Yes,20,0.4,Redacted,EASTGATE CEMENT,DL13 2SH,Redacted,Not Applicable,404364,536925,1.785506606,0.031173061,Arable and horticulture,0.03,Pasture/Arable,Low,Low,Very low,Very low,Very low,Very low,Very low,Very low,Very low,Very low,0,0,0.3,0,0,0,0,0,0.3,0,0,2.637440302,0,0,0.5,0,0,1.441232091,,,Significant
3552,HULAM FARM,North East,3.75653E+11,Pole Mounted,200,Not Applicable,≤5,Distribution,Unknown,20,0.4,Redacted,HARTMOOR 66/20KV,TS27 4SA,Redacted,Not Applicable,443912,536580,1.780292153,0.031081963,Broadleaved woodland,0.1,Woodland,,,,,,Very low,Very low,Very low,Very low,Very low,0,0,0,0,0,0,0,0,0,0,0,0,0,0,0,0,0,0,,,
2454,ELVET,North East,4.17114E+11,Ground Mounted,500,Not Applicable,28,Distribution,Yes,11,0.4,120.9,BELMONT,DH1 3JU,"DH1 3BW, DH1 3DA, DH1 3AF, DH1 3HN",Not Applicable,427843,542445,1.779736042,0.031072248,Broadleaved woodland,0.1,Woodland,High,High,High,Medium,Medium,,,,,,0.6,1.2,1.2,0,0,0,0.6,1.2,1.2,1.253970068,1.990553405,1.990553405,0.5,1,1,1.552382041,3.988664086,3.988664086,Significant,Extreme,Extreme
1553,FOREST BIRK,North East,4.7854E+11,Pole Mounted,7.5,Not Applicable,≤5,Distribution,Unknown,20,0.4,Redacted,EASTGATE CEMENT,DL12 0EW,Redacted,Not Applicable,386415,529538,1.759754419,0.03072317,Broadleaved woodland,0.1,Woodland,,,,,,High,High,Low,Very low,Very low,0,0,0,0.3,0.3,0.6,0.3,0.3,0.6,0.785501793,0.785501793,1.246906372,0.5,0.5,0.5,0.885650538,0.885650538,1.548143823,Moderate,Moderate,Significant
3993,NORTHLANDS (PEN),North East,3.70413E+11,Ground Mounted,500,Not Applicable,173,Distribution,Yes,11,0.4,136.7,BIRTLEY GROVE 66/11KV,DH3 4AR,"DH3 4AT, DH3 4AQ, DH3 4AS, DH3 4AG, DH3 3UW, DH3 4AR, DH3 3UN, DH3 4AH, DH3 4AF",Not Applicable,427331,552659,1.755805612,0.030654185,Suburban,0.013,Urban,,,,,,Low,Low,Very low,Very low,Very low,0,0,0,0,0,0.3,0,0,0.3,0,0,6.035534076,0,0,1,0,0,2.960660223,,,Extreme
3848,BLACKHILL INDUSTRIAL,North East,1.65626E+11,Ground Mounted,800,Not Applicable,158,Distribution,Yes,20,0.4,508,CONSETT,DH8 5PY,"DH8 5FE, DH8 0AA, DH8 5FD, DH8 5XR, DH8 5PY, DH8 5UN, DH8 5SR",Not Applicable,409929,551207,1.749971986,0.030552274,Urban,0.013,Urban,,,,,,High,Low,Very low,Very low,Very low,0,0,0,0.2,0.2,0.3,0.2,0.2,0.3,4.598311778,4.598311778,6.025493009,0,0,1,1.019662356,1.019662356,2.957647903,Moderate,Moderate,Extreme
2517,LITTLEBURN G T C,North East,3.28545E+11,Ground Mounted,500,Not Applicable,19,Distribution,Yes,11,0.4,107.6,MEADOWFIELD,DH7 8HG,"DH7 8ET, DH7 8HG, DH7 8HJ, DH7 8HS",Not Applicable,425363,539984,1.708129287,0.029821316,Urban,0.013,Urban,,,,,,Low,Low,Very low,Very low,Very low,0,0,0,0,0,0.3,0,0,0.3,0,0,5.952977162,0,0,1,0,0,2.935893149,,,Extreme
1155,WOODHAM LODGE,North East,4.22488E+11,Pole Mounted,16,Not Applicable,≤5,Distribution,No,20,0.4,Redacted,TORONTO 66/20KV,DL17 0NL,Redacted,Not Applicable,428352,528130,1.694329143,0.029580245,Improved grassland,0.04,Pasture/Arable,,,,,,High,Medium,Low,Very low,Very low,0,0,0,0.2,0.3,0.6,0.2,0.3,0.6,1.470485986,1.926881746,3.058734111,0,0,0.5,0.394097197,0.728064524,2.635240467,Low,Low,Extreme
3825,ELSDON GARDENS,North East,1.41389E+11,Ground Mounted,500,Not Applicable,162,Distribution,Yes,20,0.4,113.9,CONSETT,DH8 5NT,"DH8 5NT, DH8 5NR, DH8 5NS, DH8 5SD, DH8 5NP, DH8 5NX, DH8 5NU, DH8 5NW, DH8 6DE",Not Applicable,410902,551965,1.692331791,0.029545354,Suburban,0.013,Urban,,,,,,Very low,Very low,Very low,Very low,Very low,0,0,0,0,0,0,0,0,0,0,0,0,0,0,0,0,0,0,,,
205,BURN FOOT,North East,3.94129E+11,Pole Mounted,25,Not Applicable,≤5,Distribution,No,20,0.4,Redacted,HARMIRE BRIDGE,DL12 0BD,Redacted,Not Applicable,398731,523687,1.684075236,0.029401125,Suburban,0.013,Urban,Very low,Very low,Very low,Very low,Very low,,,,,,0,0,0,0,0,0,0,0,0,0,0,0,0,0,0,0,0,0,,,
3469,SHERBURN HOSPITAL,North East,5.39786E+11,Ground Mounted,300,Not Applicable,≤5,Distribution,Yes,11,0.4,66.3,BELMONT,DH1 2SE,Redacted,Not Applicable,430808,541655,1.662461877,0.029023579,Suburban,0.013,Urban,,,,,,Very low,Very low,Very low,Very low,Very low,0,0,0,0,0,0,0,0,0,0,0,0,0,0,0,0,0,0,,,
24,GILMONBY CHARITY,North East,7.00686E+11,Pole Mounted,7,Not Applicable,≤5,Distribution,Unknown,20,0.4,Redacted,HARMIRE BRIDGE,DL12 9NA,Redacted,Not Applicable,397288,512847,1.637666464,0.028590458,Improved grassland,0.04,Pasture/Arable,Low,Low,Very low,Very low,Very low,,,,,,0,0,0.3,0,0,0,0,0,0.3,0,0,1.894369687,0,0,0,0,0,0.718310906,,,Low
1262,MORDON SCHOOL,North East,6.19405E+11,Pole Mounted,15,Not Applicable,≤5,Distribution,Unknown,20,0.4,Redacted,SKERNESIDE,TS21 2ET,Redacted,Not Applicable,432294,527472,1.617513299,0.028238435,Suburban,0.013,Urban,Very low,Very low,Very low,Very low,Very low,,,,,,0,0,0,0,0,0,0,0,0,0,0,0,0,0,0,0,0,0,,,
3448,THINFORD ROAD,North East,4.00225E+11,Pole Mounted,7.5,Not Applicable,≤5,Distribution,Unknown,20,0.4,Redacted,FISHBURN,DH6 4EU,Redacted,Not Applicable,430781,535261,1.61416626,0.028179972,Arable and horticulture,0.03,Pasture/Arable,,,,,,High,Low,Very low,Very low,Very low,0,0,0,0.2,0.2,0.3,0.2,0.2,0.3,1.913678681,1.913678681,2.507628467,0,0,0.5,0.482735736,0.482735736,1.40228854,Low,Low,Significant
4034,SCORERS LANE,North East,4.20957E+11,Pole Mounted,200,Not Applicable,46,Distribution,No,11,0.4,39.6,OFFERTON 33/11KV,DH3 4LU,"DH3 4HF, DH3 4HA, DH3 4EY, DH3 3YH, DH3 4HB, DH3 4HD, DH3 4LU",Not Applicable,429662,550345,1.598087549,0.027899125,Suburban,0.013,Urban,,,,,,High,High,Very low,Very low,Very low,0,0,0,0.3,0.3,0.3,0.3,0.3,0.3,5.757926356,5.757926356,5.757926356,1,1,1,2.877377907,2.877377907,2.877377907,Extreme,Extreme,Extreme
1239,RUSHYFORD LOWFIELD,North East,6.84421E+11,Pole Mounted,50,Not Applicable,10,Distribution,Unknown,20,0.4,19.4,SKERNESIDE,DL17 0NL,DL17 0NL,Not Applicable,428868,528117,1.590423346,0.027765255,Improved grassland,0.04,Pasture/Arable,,,,,,Low,,,,,0,0,0,0,0,0.2,0,0,0.2,0,0,1.424658725,0,0,0,0,0,0.384931745,,,Low
2555,HEATH VIEW,North East,6.91394E+11,Pole Mounted,50,Not Applicable,18,Distribution,Unknown,20,0.4,29.6,HARTMOOR 66/20KV,TS28 5EZ,"TS28 5EE, TS28 5ED, TS28 5EZ",Not Applicable,441309,536583,1.577677608,0.02754263,Arable and horticulture,0.03,Pasture/Arable,,,,,,Very low,Very low,Very low,Very low,Very low,0,0,0,0,0,0,0,0,0,0,0,0,0,0,0,0,0,0,,,
1182,HACKWORTH AUCKLAND,North East,6.86963E+11,Ground Mounted,500,Not Applicable,≤5,Distribution,Yes,11,0.4,Redacted,FYLANDS BRIDGE,DL4 1HG,Redacted,Not Applicable,422314,525577,1.57164681,0.027437293,Urban,0.013,Urban,,,,,,Very low,Very low,Very low,Very low,Very low,0,0,0,0,0,0,0,0,0,0,0,0,0,0,0,0,0,0,,,
568,WEST AUCKLAND MEADOW,North East,4.68221E+11,Ground Mounted,500,Not Applicable,276,Distribution,Yes,11,0.4,313.3,FYLANDS BRIDGE,DL14 9HB,"DL14 9HG, DL14 9JF, DL14 9EZ, DL14 9HS, DL14 9HH, DL14 9JE, DL14 9EX, DL14 9HA, DL14 9HE, DL14 9JG, DL14 9HD, DL14 9HB, DL14 9HN",Not Applicable,418400,526552,1.565424204,0.027328607,Suburban,0.013,Urban,Very low,Very low,Very low,Very low,Very low,,,,,,0,0,0,0,0,0,0,0,0,0,0,0,0,0,0,0,0,0,,,
1186,NEWTON AYCLIFFE DALTON,North East,39376670570,Ground Mounted,500,Not Applicable,38,Distribution,Yes,11,0.4,132.5,AYCLIFFE INDUSTRIAL,DL5 4DZ,"DL5 4DZ, DL5 6UJ, DL5 4PD, DL5 5QG, DL5 4EB, DL5 5RT, DL5 4ED, DL5 4EE, DL5 4, DL5 5QH, DL5 4DJ, DL5 4SB",Not Applicable,427801,525088,1.561448097,0.027259159,Urban,0.013,Urban,,,,,,High,High,Low,Very low,Very low,0,0,0,0.3,0.3,0.6,0.3,0.3,0.6,5.691503995,5.691503995,9.034699428,1,1,1,2.857451198,2.857451198,6.720819657,Extreme,Extreme,Extreme
3273,FINCHALE BANKS,North East,7.13433E+11,Pole Mounted,100,Not Applicable,12,Distribution,No,11,0.4,27.7,POTTER HOUSE T1 T3,DH4 6QP,"DH4 6QP, DH4 6QN, DH4 6QW",Not Applicable,430382,546985,1.554439545,0.027136746,Suburban,0.013,Urban,,,,,,Very low,Very low,Very low,Very low,Very low,0,0,0,0,0,0,0,0,0,0,0,0,0,0,0,0,0,0,,,
4050,HILDA PARK,North East,2.55977E+11,Ground Mounted,500,Not Applicable,287,Distribution,Yes,11,0.4,231.2,HIGH FLATTS,DH2 2JP,"DH2 2JP, DH2 2JX, DH2 2JU, DH2 2LW, DH2 2LP, DH2 2LG, DH2 2LQ, DH2 2LS, DH2 2LT, DH2 2JR, DH2 2JS, DH2 2JY, DH2 2LR",Not Applicable,426587,552092,1.543263316,0.026941542,Suburban,0.013,Urban,,,,,,Very low,Very low,Very low,Very low,Very low,0,0,0,0,0,0,0,0,0,0,0,0,0,0,0,0,0,0,,,
2266,CASTLESIDE CONSETT,North East,2.33361E+11,Ground Mounted,800,Not Applicable,≤5,Distribution,Yes,20,0.4,Redacted,CONSETT,DH8 8ET,Redacted,Not Applicable,408886,549108,1.511819243,0.026392349,Urban,0.013,Urban,,,,,,Low,Very low,Very low,Very low,Very low,0,0,0,0,0,0.2,0,0,0.2,0,0,4.273814482,0,0,0,0,0,0.954762896,,,Moderate
4031,COOP CHESTER,North East,6.71596E+11,Ground Mounted,800,Not Applicable,45,Distribution,Yes,11,0.4,337.5,HIGH FLATTS,DH3 3EX,"DH3 3YJ, DH3 3YQ",Not Applicable,427297,551455,1.510799885,0.026374545,Suburban,0.013,Urban,,,,,,Low,Low,Low,Very low,Very low,0,0,0,0,0,0.6,0,0,0.6,0,0,8.886893422,0,0,1,0,0,6.632136053,,,Extreme
857,GAINFORD BURN,North East,3.71753E+11,Pole Mounted,15,Not Applicable,≤5,Distribution,Unknown,20,0.4,Redacted,SKERNESIDE,DL2 3EY,Redacted,Not Applicable,417918,517570,1.510760188,0.026373852,Urban,0.013,Urban,,,,,,Very low,Very low,Very low,Very low,Very low,0,0,0,0,0,0,0,0,0,0,0,0,0,0,0,0,0,0,,,
3769,VILLA REAL INDUSTRIAL CENTRAL,North East,6.89632E+11,Ground Mounted,800,Not Applicable,10,Distribution,Unknown,20,0.4,157.7,CONSETT,DH8 6SR,"DH8 5SX, DH8 6SZ, DH8 6SX, DH8 6SR, DH8 6NB",Not Applicable,411280,552119,1.483724356,0.025901665,Suburban,0.013,Urban,,,,,,Low,Low,,,,0,0,0,0,0,0.3,0,0,0.3,0,0,5.547977118,0,0,1,0,0,2.814393135,,,Extreme
4024,BROOMY HOLM,North East,5.56047E+11,Pole Mounted,25,Not Applicable,≤5,Distribution,Unknown,20,0.4,Redacted,ANNFIELD 66/20KV,DH7 6DY,Redacted,Not Applicable,423476,550253,1.476026535,0.025767223,Suburban,0.013,Urban,,,,,,Very low,Very low,Very low,Very low,Very low,0,0,0,0,0,0,0,0,0,0,0,0,0,0,0,0,0,0,,,
851,ETHERLEY LEAZES,North East,4.78958E+11,Pole Mounted,50,Not Applicable,24,Distribution,Unknown,20,0.4,33.7,TORONTO 66/20KV,DL14 0LJ,DL14 0LJ,Not Applicable,417645,527843,1.468520999,0.02563614,Improved grassland,0.04,Pasture/Arable,,,,,,High,High,High,Low,Very low,0,0,0,0.6,0.6,0.9,0.6,0.6,0.9,2.847522495,2.847522495,3.731310037,0.5,0.5,0.5,2.508513497,2.508513497,4.308179033,Extreme,Extreme,Extreme
149,MIDDLETON SEWAGE,North East,6.73044E+11,Pole Mounted,200,Not Applicable,≤5,Distribution,No,20,0.4,Redacted,HARMIRE BRIDGE,DL12 0TN,Redacted,Not Applicable,395159,524909,1.467499495,0.0256183,Broadleaved woodland,0.1,Woodland,Low,Low,Low,Low,Very low,,,,,,0,0,0.9,0,0,0,0,0,0.9,0,0,1.492004597,0,0,1,0,0,2.792804137,,,Extreme
1447,WEAR LODGE,North East,8.40753E+11,Pole Mounted,16,Not Applicable,≤5,Distribution,Unknown,20,0.4,Redacted,EASTGATE CEMENT,DL13 2JX,Redacted,Not Applicable,397707,538837,1.460444212,0.025495082,Suburban,0.013,Urban,Low,Very low,Very low,Very low,Very low,,,,,,0,0,0.2,0,0,0,0,0,0.2,0,0,4.200537341,0,0,0,0,0,0.940107468,,,Moderate
2806,LOW COCKEN,North East,7.84136E+11,Pole Mounted,25,Not Applicable,≤5,Distribution,Unknown,11,0.4,Redacted,POTTER HOUSE T1 T3,DH3 4EN,Redacted,Not Applicable,428205,547270,1.456289768,0.025422526,Suburban,0.013,Urban,Low,Low,,,,,,,,,0,0,0.3,0,0,0,0,0,0.3,0,0,5.496423255,0,0,1,0,0,2.798926976,,,Extreme
1933,NEW HOUSE,North East,4.51539E+11,Pole Mounted,15,Not Applicable,≤5,Distribution,Unknown,20,0.4,Redacted,ANNFIELD 66/20KV,DH7 0RU,Redacted,Not Applicable,415736,548694,1.403697252,0.024504041,Suburban,0.013,Urban,Low,Very low,Very low,Very low,Very low,,,,,,0,0,0.2,0,0,0,0,0,0.2,0,0,4.118086873,0,0,0,0,0,0.923617375,,,Moderate
3546,TEMPEST PLACE,North East,7.23122E+11,Ground Mounted,500,Not Applicable,150,Distribution,Yes,20,0.4,430.9,STONEY CUT,SR7 7AY,"SR7 7EU, SR7 7BB, SR7 7AB, SR7 7AU, SR7 7BZ, SR7 7BA, SR7 7BD, SR7 7AY, SR7 7BY, SR7 7DQ, SR7 7DE, SR7 7DF, SR7 7DB, SR7 7HA, SR7 7DX, SR7 7EZ, SR7 7DJ, SR7 7DD",Not Applicable,442866,549626,1.401567936,0.024466856,Urban,0.013,Urban,,,,,,Very low,Very low,Very low,Very low,Very low,0,0,0,0,0,0,0,0,0,0,0,0,0,0,0,0,0,0,,,
1773,HAWTHORNE CLOSE,North East,6.98995E+11,Ground Mounted,1000,Not Applicable,288,Distribution,Yes,20,0.4,350,POTTER HOUSE T1 T3,DH7 9FB,"DH7 9FA, DH7 9FJ, DH7 9FH, DH7 9WA, DH7 9FR, DH7 9FW, DH7 9FP, DH7 9UY, DH7 9FG, DH7 9FS, DH7 9FD, DH7 9UG, DH7 9FL, DH7 9FB, DH7 9UX, DH7 9UZ, DH7 9FN",Not Applicable,420590,544793,1.393768311,0.024330645,Suburban,0.013,Urban,,,,,,Low,Low,Very low,Very low,Very low,0,0,0,0,0,0.3,0,0,0.3,0,0,5.377094044,0,0,1,0,0,2.763128213,,,Extreme
1034,NEWTON AYCLIFFE CENTRAL,North East,3.29533E+11,Ground Mounted,800,Not Applicable,126,Distribution,Yes,11,0.4,278.3,AYCLIFFE INDUSTRIAL,DL5 4EJ,"DL5 4EJ, DL5 4LE, DL5 4DP, DL5 4EH, DL5 4DZ, DL5 4LG, DL5 5NS, DL5 4DS, DL5 4DJ, DL5 4LD, DL5 4SB, DL5 5NT, DL5 5LG",Not Applicable,427643,524955,1.367556453,0.023872896,Suburban,0.013,Urban,,,,,,Very low,Very low,Very low,Very low,Very low,0,0,0,0,0,0,0,0,0,0,0,0,0,0,0,0,0,0,,,
3275,FISHBURN SEWAGE,North East,3.99565E+11,Pole Mounted,200,Not Applicable,≤5,Distribution,Unknown,20,0.4,Redacted,FISHBURN,TS21 4AH,Redacted,Not Applicable,435591,531734,1.363821507,0.023807672,Broadleaved woodland,0.1,Woodland,,,,,,High,High,High,Medium,Medium,0,0,0,0.6,1.2,1.2,0.6,1.2,1.2,1.097638424,1.742392388,1.742392388,0.5,1,1,1.458583054,3.690870866,3.690870866,Significant,Extreme,Extreme
378,ST HELENS RETAIL,North East,94435485376,Ground Mounted,1000,Not Applicable,15,Distribution,Unknown,11,0.4,223,FYLANDS BRIDGE,DL14 9TT,"DL14 9TT, DL14 9SS",Not Applicable,419979,527287,1.359916449,0.023739478,Urban,0.013,Urban,,,,,,Low,Low,Very low,Very low,Very low,0,0,0,0,0,0.3,0,0,0.3,0,0,5.311368049,0,0,1,0,0,2.743410415,,,Extreme
4007,KIBBLESWORTH LANDFILL,North East,6.48081E+11,Pole Mounted,200,Not Applicable,≤5,Distribution,Yes,20,0.4,Redacted,BIRTLEY GROVE 66/20KV,DH2 1BQ,Redacted,Not Applicable,425686,556168,1.351653576,0.023595183,Urban,0.013,Urban,High,Medium,Very low,Very low,Very low,,,,,,0.2,0.3,0.3,0,0,0,0.2,0.3,0.3,4.040995021,5.295201463,5.295201463,0,1,1,0.908199004,2.738560439,2.738560439,Moderate,Extreme,Extreme
1667,CROOK MARKET,North East,7.51896E+11,Ground Mounted,750,Not Applicable,336,Distribution,Yes,20,0.4,270.2,BRANCEPETH,DL15 8QF,"DL15 9AZ, DL15 9BG, DL15 8QT, DL15 8NH, DL15 9HR, DL15 9HS, DL15 8NJ, DL15 8NQ, DL15 8QU, DL15 9DT, DL15 9EE, DL15 8QX, DL15 9HP, DL15 9EJ, DL15 8QF, DL15 9HT, DL15 8NG, DL15 9EF, DL15 8NE, DL15 8QQ, DL15 9DX, DL15 8QH, DL15 9EH, DL15 9UA, DL15 8QE, DL15 9EB, DL15 9DU, DL15 8NF, DL15 9BE",Not Applicable,416414,535463,1.349642873,0.02356007,Urban,0.013,Urban,,,,,,High,Very low,Very low,Very low,Very low,0,0,0,0.2,0.2,0.2,0.2,0.2,0.2,4.037987122,4.037987122,4.037987122,0,0,0,0.907597424,0.907597424,0.907597424,Moderate,Moderate,Moderate
1258,MERTON GRANGE,North East,7.69358E+11,Pole Mounted,25,Not Applicable,≤5,Distribution,No,20,0.4,Redacted,SKERNESIDE,TS21 1NJ,Redacted,Not Applicable,434739,524128,1.347656846,0.023525388,Suburban,0.013,Urban,,,,,,Low,Very low,Very low,Very low,Very low,0,0,0,0,0,0.2,0,0,0.2,0,0,4.035013941,0,0,0,0,0,0.907002788,,,Moderate
3418,COUNDON SEWAGE,North East,5.21354E+11,Pole Mounted,100,Not Applicable,6,Distribution,Unknown,20,0.4,10.3,SPENNYMOOR 66/20KV,DL14 8EW,"DL14 8ER, DL14 8ET",Not Applicable,425730,530238,1.345097184,0.023480688,Improved grassland,0.04,Pasture/Arable,High,High,Very low,Very low,Very low,High,High,Very low,Very low,Very low,0.3,0.3,0.3,0.3,0.3,0.3,0.3,0.3,0.3,1.716760025,1.716760025,1.716760025,0,0,0,0.665028007,0.665028007,0.665028007,Low,Low,Low
3860,RIVER BEND,North East,69828702277,Pole Mounted,50,Not Applicable,≤5,Distribution,Unknown,20,0.4,Redacted,CONSETT,DH8 9NL,Redacted,Not Applicable,403075,550873,1.320783854,0.023056111,Broadleaved woodland,0.1,Woodland,Low,Low,Very low,Very low,Very low,,,,,,0,0,0.3,0,0,0,0,0,0.3,0,0,0.680467202,0,0,0.5,0,0,0.854140161,,,Moderate
3437,SPENNYMOOR CENTRAL,North East,7.38533E+11,Ground Mounted,500,Not Applicable,31,Distribution,Yes,11,0.4,131.5,LOW SPENNYMOOR,DL16 6FJ,"DL16 6FJ, DL16 6PZ, DL16 6ED, DL16 6ND, DL16 6DJ, DL16 6EB",Not Applicable,425969,533962,1.318995953,0.02302489,Suburban,0.013,Urban,,,,,,Low,Very low,Very low,Very low,Very low,0,0,0,0,0,0.2,0,0,0.2,0,0,3.991861129,0,0,0,0,0,0.898372226,,,Moderate
487,BILDERSHAW,North East,1.69063E+11,Pole Mounted,50,Not Applicable,10,Distribution,Unknown,20,0.4,19.6,SKERNESIDE,DL14 9PL,DL14 9PL,Not Applicable,420327,524202,1.316009045,0.022972731,Improved grassland,0.04,Pasture/Arable,,,,,,High,High,Very low,Very low,Very low,0,0,0,0.3,0.3,0.3,0.3,0.3,0.3,1.698089162,1.698089162,1.698089162,0,0,0,0.659426749,0.659426749,0.659426749,Low,Low,Low
3617,PETERLEE EDEN SCHOOL,North East,6.77529E+11,Ground Mounted,500,Not Applicable,≤5,Distribution,Unknown,11,0.4,Redacted,SHOTTON,SR8 5NJ,Redacted,Not Applicable,443434,541296,1.305833697,0.022795044,Urban,0.013,Urban,,,,,,Low,Very low,Very low,Very low,Very low,0,0,0,0,0,0.2,0,0,0.2,0,0,3.971886839,0,0,0,0,0,0.894377368,,,Moderate
1047,PRESTON CARR,North East,7.24544E+11,Pole Mounted,25,Not Applicable,≤5,Distribution,No,20,0.4,Redacted,SKERNESIDE,DL17 0LQ,Redacted,Not Applicable,431870,526475,1.303310513,0.022750984,Improved grassland,0.04,Pasture/Arable,High,High,High,High,Medium,,,,,,0.9,1.2,1.2,0,0,0,0.9,1.2,1.2,3.515079124,4.258215107,4.258215107,0.5,0.5,0.5,4.113571211,6.209858129,6.209858129,Extreme,Extreme,Extreme
1010,SHILDON BERESFORD,North East,8.12885E+11,Ground Mounted,750,Not Applicable,224,Distribution,Yes,11,0.4,162.7,FYLANDS BRIDGE,DL4 2JJ,"DL4 2LS, DL4 2LP, DL4 2RF, DL4 2DS, DL4 2JG, DL4 2JD, DL4 2JQ, DL4 2RA, DL4 2DT, DL4 2JJ, DL4 2JA, DL4 2LN, DL4 2DY, DL4 2JF, DL4 2DX, DL4 2DZ",Not Applicable,423126,525517,1.292221546,0.022557345,Suburban,0.013,Urban,,,,,,Low,Very low,Very low,Very low,Very low,0,0,0,0,0,0.2,0,0,0.2,0,0,3.951123823,0,0,0,0,0,0.890224765,,,Moderate
1165,MORDON BORE,North East,26112732784,Pole Mounted,200,Not Applicable,≤5,Distribution,Yes,20,0.4,Redacted,SKERNESIDE,TS21 2HE,Redacted,Not Applicable,433974,525403,1.286317468,0.022454248,Suburban,0.013,Urban,High,High,High,Very low,Very low,,,,,,0.6,0.6,0.6,0,0,0,0.6,0.6,0.6,8.199865625,8.199865625,8.199865625,1,1,1,6.219919375,6.219919375,6.219919375,Extreme,Extreme,Extreme
3475,SHINCLIFFE WEST,North East,41754208303,Ground Mounted,315,Not Applicable,114,Distribution,Yes,11,0.4,175,BELMONT,DH1 2NE,"DH1 2SZ, DH1 2NH, DH1 2NN, DH1 2NG, DH1 2NB, DH1 2NF, DH1 2NQ, DH1 2NJ, DH1 2ND, DH1 2LY, DH1 2NA, DH1 2NE, DH1 2YH, DH1 2UE, DH1 2NL, DH6 1QU",Not Applicable,428876,540781,1.276203632,0.02227764,Suburban,0.013,Urban,Medium,Medium,Low,Low,Low,Low,Very low,Very low,Very low,Very low,0,0.3,1.2,0,0,0.2,0,0.3,1.2,0,5.145237244,12.96518542,0,1,1,0,2.693571173,17.15822251,,Extreme,Extreme
3965,STANLEY QUEENS PARADE,North East,1.4274E+11,Ground Mounted,500,Not Applicable,123,Distribution,Yes,11,0.4,119.1,ANNFIELD 66/20KV,DH9 8JQ,"DH9 8JS, DH9 8JZ, DH9 8QU, DH9 8EZ, DH9 8QS, DH9 8JT, DH9 8JY, DH9 8QN, DH7 0JB, DH9 8QP, DH9 8QT, DH9 8LB, DH9 8JX, DH9 8JU, DH9 8QR",Not Applicable,416777,551763,1.25904429,0.021978006,Suburban,0.013,Urban,,,,,,High,High,Very low,Very low,Very low,0,0,0,0.3,0.3,0.3,0.3,0.3,0.3,5.110518454,5.110518454,5.110518454,1,1,1,2.683155536,2.683155536,2.683155536,Extreme,Extreme,Extreme
2093,WITTON PARK SEWAGE,North East,6.50176E+11,Ground Mounted,315,Not Applicable,≤5,Distribution,Yes,20,0.4,Redacted,TORONTO 66/20KV,DL15 8AU,Redacted,Not Applicable,417749,531123,1.25720048,0.02194581,Suburban,0.013,Urban,Low,Very low,Very low,Very low,Very low,,,,,,0,0,0.2,0,0,0,0,0,0.2,0,0,3.897197821,0,0,0,0,0,0.879439564,,,Moderate
649,CRANE ROW,North East,5.32876E+11,Pole Mounted,50,Not Applicable,≤5,Distribution,Unknown,20,0.4,Redacted,TORONTO 66/20KV,DL13 3QS,Redacted,Not Applicable,409268,527628,1.236414433,0.021582853,Broadleaved woodland,0.1,Woodland,,,,,,Very low,Very low,Very low,Very low,Very low,0,0,0,0,0,0,0,0,0,0,0,0,0,0,0,0,0,0,,,
2455,EMBLETON MURTON,North East,5.21214E+11,Pole Mounted,25,Not Applicable,≤5,Distribution,Unknown,20,0.4,Redacted,HARTMOOR 66/20KV,TS28 5NU,Redacted,Not Applicable,441385,531720,1.229410172,0.021460549,Improved grassland,0.04,Pasture/Arable,,,,,,Very low,Very low,Very low,Very low,Very low,0,0,0,0,0,0,0,0,0,0,0,0,0,0,0,0,0,0,,,
3963,STANLEY LILAC,North East,4.9513E+11,Ground Mounted,500,Not Applicable,243,Distribution,Yes,11,0.4,237.5,TANFIELD,NE16 6QF,"NE16 6PU, NE16 6QE, NE16 6PZ, NE16 6PT, NE16 6QA, NE16 6HG, NE16 6QG, NE16 6QB, NE16 6PJ, NE16 6ES, NE16 6QF, NE16 6LX, NE16 6QD, NE16 6QN, NE16 6QQ",Not Applicable,417554,556754,1.22322309,0.021352515,Suburban,0.013,Urban,,,,,,High,Very low,Very low,Very low,Very low,0,0,0,0.2,0.2,0.2,0.2,0.2,0.2,3.844157373,3.844157373,3.844157373,0,0,0,0.868831475,0.868831475,0.868831475,Moderate,Moderate,Moderate
1250,RUSHYFORD HOTEL,North East,48323127585,Ground Mounted,300,Not Applicable,≤5,Distribution,Unknown,20,0.4,Redacted,TORONTO 66/20KV,DL17 0LL,Redacted,Not Applicable,428240,528785,1.201869249,0.020979653,Suburban,0.013,Urban,,,,,,Medium,Very low,Very low,Very low,Very low,0,0,0,0,0.2,0.2,0,0.2,0.2,0,3.81044584,3.81044584,0,0,0,0,0.862089168,0.862089168,,Moderate,Moderate
1581,BOND ISLE,North East,4.11918E+11,Ground Mounted,500,Not Applicable,160,Distribution,Yes,20,0.4,128.4,EASTGATE CEMENT,DL13 2YT,"DL13 2XF, DL13 2XQ, DL13 2YT, DL13 2XG, DL13 2XH, DL13 2XR, DL13 2UY, DL13 2YU, DL13 2TZ, DL13 2XL, DL13 2XN, DL13 2XE, DL13 2UD, DL13 2XW, DL13 2QS, DL13 2XP, DL13 2UB, DL13 2XJ, DL13 2UE",Not Applicable,399905,538856,1.198721886,0.020924697,Suburban,0.013,Urban,Low,Very low,Very low,Very low,Very low,,,,,,0,0,0.2,0,0,0,0,0,0.2,0,0,3.805451857,0,0,0,0,0,0.861090371,,,Moderate
470,AUCKLAND TRADING,North East,7.67551E+11,Ground Mounted,1000,Not Applicable,192,Distribution,Yes,11,0.4,194.9,FYLANDS BRIDGE,DL14 9AD,"DL14 9AZ, DL14 9BB, DL14 9BJ, DL14 9BP, DL14 9BD, DL14 9GG, DL14 9BW, DL14 9GA, DL14 9JH, DL14 9BQ, DL14 9AD, DL14 9BH",Not Applicable,419382,526900,1.184276819,0.020672474,Suburban,0.013,Urban,,,,,,Low,Very low,Very low,Very low,Very low,0,0,0,0,0,0.2,0,0,0.2,0,0,3.782447161,0,0,0,0,0,0.856489432,,,Moderate
3322,PLAWSWORTH APARTMENTS,North East,9.24948E+11,Pole Mounted,200,Not Applicable,≤5,Distribution,Yes,20,0.4,Redacted,POTTER HOUSE T1 T3,DH2 3LD,Redacted,Not Applicable,426526,548008,1.183455586,0.020658134,Suburban,0.013,Urban,,,,,,Low,Very low,Very low,Very low,Very low,0,0,0,0,0,0.2,0,0,0.2,0,0,3.781135098,0,0,0,0,0,0.85622702,,,Moderate
2394,PIT HOUSE LANE,North East,7.2472E+11,Pole Mounted,200,Not Applicable,21,Distribution,Unknown,11,0.4,98.5,POTTER HOUSE T1 T3,DH4 6QF,"DH4 6QJ, DH4 4LB, DH4 4JL, DH4 6QH, DH4 6QQ, DH4 6QT",Not Applicable,431039,547317,1.178645611,0.020574149,Improved grassland,0.04,Pasture/Arable,,,,,,Low,Low,Low,Very low,Very low,0,0,0,0,0,0.6,0,0,0.6,0,0,2.55094903,0,0,0.5,0,0,2.330569418,,,Significant
4037,STELLA GILL,North East,3.85434E+11,Pole Mounted,100,Not Applicable,≤5,Distribution,Unknown,11,0.4,Redacted,HIGH FLATTS,DH2 2RH,Redacted,Not Applicable,425909,552293,1.173037767,0.020476232,Arable and horticulture,0.03,Pasture/Arable,,,,,,Low,Very low,Very low,Very low,Very low,0,0,0,0,0,0.2,0,0,0.2,0,0,1.631262176,0,0,0,0,0,0.426252435,,,Low
1798,BROADGATE PUMPS,North East,9.42104E+11,Pole Mounted,50,Not Applicable,≤5,Distribution,Unknown,20,0.4,Redacted,BRANCEPETH,DH7 9QE,Redacted,Not Applicable,421319,542762,1.168513417,0.020397235,Broadleaved woodland,0.1,Woodland,Low,Very low,Very low,Very low,Very low,,,,,,0,0,0.2,0,0,0,0,0,0.2,0,0,0.488433723,0,0,0,0,0,0.197686745,,,Low
4117,PELAW BANK NORTH,North East,7.62376E+11,Ground Mounted,300,Not Applicable,283,Distribution,Yes,11,0.4,213.4,BIRTLEY GROVE 66/11KV,DH2 2HH,"DH2 2HQ, DH2 2HU, DH2 2HJ, DH2 2HW, DH2 2HN, DH2 2HF, DH2 2HH, DH2 2HG, DH2 2HE, DH2 2HL",Not Applicable,426956,552487,1.150591373,0.020084308,Suburban,0.013,Urban,,,,,,Low,Very low,Very low,Very low,Very low,0,0,0,0,0,0.2,0,0,0.2,0,0,3.728250441,0,0,0,0,0,0.845650088,,,Moderate
3942,BLAIR TANFIELD,North East,2.87032E+11,Ground Mounted,1000,Not Applicable,6,Distribution,Yes,11,0.4,297.6,TANFIELD,DH9 9NX,"DH9 9UU, DH9 9XA, DH9 9NX",Not Applicable,419009,554519,1.145240903,0.019990887,Suburban,0.013,Urban,,,,,,Very low,Very low,Very low,Very low,Very low,0,0,0,0,0,0,0,0,0,0,0,0,0,0,0,0,0,0,,,
954,COCKFIELD INDUSTRIAL,North East,4.46522E+11,Pole Mounted,100,Not Applicable,≤5,Distribution,Unknown,20,0.4,Redacted,TORONTO 66/20KV,DL13 5BJ,Redacted,Not Applicable,413085,524308,1.113446355,0.019435752,Improved grassland,0.04,Pasture/Arable,,,,,,Low,Very low,Very low,Very low,Very low,0,0,0,0,0,0.2,0,0,0.2,0,0,1.191957241,0,0,0,0,0,0.338391448,,,Low
2427,CROXDALE MOTEL,North East,5.54563E+11,Pole Mounted,100,Not Applicable,≤5,Distribution,Yes,20,0.4,Redacted,SPENNYMOOR 66/20KV,DH1 3SP,Redacted,Not Applicable,426700,538010,1.111913323,0.019408985,Suburban,0.013,Urban,High,High,High,High,Medium,,,,,,0.9,1.2,1.2,0,0,0,0.9,1.2,1.2,9.989714292,12.10167704,12.10167704,1,1,1,10.44074286,16.12201245,16.12201245,Extreme,Extreme,Extreme
2376,PAGE BANK,North East,3.55577E+11,Pole Mounted,100,Not Applicable,≤5,Distribution,Unknown,20,0.4,Redacted,SPENNYMOOR 66/20KV,DL16 7QX,Redacted,Not Applicable,423396,535667,1.111049652,0.019393906,Arable and horticulture,0.03,Pasture/Arable,High,Medium,Low,Very low,Very low,,,,,,0.2,0.3,0.6,0,0,0,0.2,0.3,0.6,1.587564505,2.080298007,3.302267245,0,0.5,0.5,0.417512901,1.274089402,2.781360347,Low,Significant,Extreme
3024,BURN STREET,North East,5.91378E+11,Ground Mounted,500,Not Applicable,234,Distribution,Yes,20,0.4,312.5,SPENNYMOOR 66/20KV,DH6 5AN,"DH6 5AR, DH6 5AF, DH6 5AE, DH6 5AL, DH6 5AG, DH6 5QD, DH6 5AS, DH6 5EY, DH6 5PH, DH6 5AN, DH6 5AT, DH6 5EZ, DH6 5EX, DH6 5AU, DH6 5AD, DH6 5AA",Not Applicable,430630,537993,1.071568131,0.018704573,Suburban,0.013,Urban,,,,,,Very low,Very low,Very low,Very low,Very low,0,0,0,0,0,0,0,0,0,0,0,0,0,0,0,0,0,0,,,
2932,GREEN LANE TUDHOE,North East,9.68894E+11,Ground Mounted,800,Not Applicable,188,Distribution,Yes,11,0.4,182,LOW SPENNYMOOR,DL16 6HD,"DL16 6HG, DL16 6HH, DL16 6HP, DL16 6HZ, DL16 6HQ, DL16 6JE, DL16 6DF, DL16 6HR, DL16 6HF, DL16 6HJ, DL16 6JQ, DL16 6HW, DL16 6JD, DL16 6HD",Not Applicable,427136,534137,1.07089448,0.018692811,Suburban,0.013,Urban,,,,,,Very low,Very low,Very low,Very low,Very low,0,0,0,0,0,0,0,0,0,0,0,0,0,0,0,0,0,0,,,
2171,ESCOMBE SEWAGE,North East,7.20701E+11,Pole Mounted,100,Not Applicable,≤5,Distribution,Yes,20,0.4,Redacted,TORONTO 66/20KV,DL14 7SZ,Redacted,Not Applicable,419151,530221,1.048022151,0.018293477,Improved grassland,0.04,Pasture/Arable,High,Medium,Medium,Low,Low,Very low,Very low,Very low,Very low,Very low,0.2,0.6,1.2,0,0,0,0.2,0.6,1.2,1.156400152,2.405409248,3.818349171,0,0.5,0.5,0.33128003,2.243245549,5.682019005,Low,Significant,Extreme
1041,NEWTON AYCLIFFE KIRKSTONE,North East,8.39391E+11,Ground Mounted,750,Not Applicable,243,Distribution,Yes,11,0.4,250,NEWTON AYCLIFFE SOUTH,DL5 7DW,"DL5 7DL, DL5 7DZ, DL5 7DP, DL5 7DR, DL5 7DS, DL5 7DW, DL5 7DN",Not Applicable,426662,524958,1.040486574,0.018161913,Suburban,0.013,Urban,Low,Low,Low,Low,,Medium,Low,Very low,Very low,Very low,0,0,0.9,0,0.2,0.3,0,0.2,0.9,0,3.545336332,9.663455486,0,0,1,0,0.809067266,10.14710994,,Moderate,Extreme
1871,WOODSIDE DRIFT,North East,3.93022E+11,Pole Mounted,200,Not Applicable,≤5,Distribution,Unknown,20,0.4,Redacted,ANNFIELD 66/20KV,DH8 7PD,Redacted,Not Applicable,413738,548877,1.034837723,0.01806329,Improved grassland,0.04,Pasture/Arable,,,,,,Low,Very low,Very low,Very low,Very low,0,0,0,0,0,0.2,0,0,0.2,0,0,1.149101599,0,0,0,0,0,0.32982032,,,Low
697,RAMSHAW BRIDGE,North East,6.77565E+11,Pole Mounted,100,Not Applicable,33,Distribution,Unknown,20,0.4,239.6,TORONTO 66/20KV,DL14 0NH,"DL14 0QB, DL14 0NL, DL14 0NT, DL14 0NS",Not Applicable,415190,526013,1.015666366,0.017728579,Neutral grassland,0.04,Pasture/Arable,Very low,Very low,Very low,Very low,Very low,,,,,,0,0,0,0,0,0,0,0,0,0,0,0,0,0,0,0,0,0,,,
3658,VILLA REAL INDUSTRIAL,North East,54793949664,Ground Mounted,800,Not Applicable,12,Distribution,Yes,20,0.4,115.3,CONSETT,DH8 6SR,"DH8 6SX, DH8 6SR, DH8 6BP, DH8 6ST",Not Applicable,411156,552173,1.013925552,0.017698187,Suburban,0.013,Urban,,,,,,Very low,Very low,Very low,Very low,Very low,0,0,0,0,0,0,0,0,0,0,0,0,0,0,0,0,0,0,,,
2107,HIGH THISTLEFLAT,North East,9.94355E+11,Ground Mounted,500,Not Applicable,≤5,Distribution,Yes,20,0.4,Redacted,BRANCEPETH,DL15 8JL,Redacted,Not Applicable,416202,534696,1.012862802,0.017679632,Urban,0.013,Urban,Medium,Medium,Medium,Medium,,Low,,,,,0,0.9,0.9,0,0,0.2,0,0.9,0.9,0,9.534288079,9.534288079,0,1,1,0,10.03085927,10.03085927,,Extreme,Extreme
4079,BEWICKE INDUSTRIAL,North East,3.26913E+11,Pole Mounted,50,Not Applicable,≤5,Distribution,Yes,20,0.4,Redacted,BIRTLEY GROVE 66/20KV,DH2 1BE,Redacted,Not Applicable,425395,556019,1.011400342,0.0176541,Broadleaved woodland,0.1,Woodland,High,High,High,High,Very low,,,,,,0.9,0.9,0.9,0,0,0,0.9,0.9,0.9,1.238562122,1.238562122,1.238562122,1,1,1,2.56470591,2.56470591,2.56470591,Extreme,Extreme,Extreme
1369,STANHOPE HOSTEL,North East,4.26169E+11,Ground Mounted,300,Not Applicable,21,Distribution,Yes,20,0.4,12.9,EASTGATE CEMENT,DL13 2LU,"DL13 2PG, DL13 2LU, DL13 2RY, DL13 2PQ",Not Applicable,399093,539273,0.999971449,0.017454566,Suburban,0.013,Urban,Medium,Medium,Low,Very low,Very low,,,,,,0,0.3,0.6,0,0,0,0,0.3,0.6,0,4.554338966,7.229562466,0,1,1,0,2.51630169,5.63773748,,Extreme,Extreme
1919,LOW MEADOWS,North East,2.97158E+11,Pole Mounted,25,Not Applicable,≤5,Distribution,Unknown,20,0.4,Redacted,ANNFIELD 66/20KV,DH7 0RE,Redacted,Not Applicable,415032,548200,0.981965184,0.017140204,Suburban,0.013,Urban,Very low,Very low,Very low,Very low,Very low,,,,,,0,0,0,0,0,0,0,0,0,0,0,0,0,0,0,0,0,0,,,
594,ST HELENS MELROSE,North East,5.67368E+11,Ground Mounted,315,Not Applicable,155,Distribution,Yes,11,0.4,120.1,FYLANDS BRIDGE,DL14 9DW,"DL14 9EB, DL14 9DY, DL14 9ED, DL14 9DP, DL14 9DW, DL14 9DN, DL14 9EA, DL14 9DX, DL14 9DZ",Not Applicable,418608,526996,0.981590092,0.017133655,Urban,0.013,Urban,,,,,,Medium,Low,Very low,Very low,Very low,0,0,0,0,0.2,0.3,0,0.2,0.3,0,3.443512451,4.512277811,0,0,1,0,0.78870249,2.503683343,,Moderate,Extreme
3601,DAWDON BLAIRWAY CENTRAL,North East,1.54869E+11,Ground Mounted,500,Not Applicable,≤5,Distribution,Yes,20,0.4,Redacted,STONEY CUT,SR7 7TT,Redacted,Not Applicable,443275,548077,0.973739386,0.016996595,Urban,0.013,Urban,,,,,,Very low,Very low,Very low,Very low,Very low,0,0,0,0,0,0,0,0,0,0,0,0,0,0,0,0,0,0,,,
1025,WALWORTH INDUSTRIAL,North East,1.34846E+11,Ground Mounted,800,Not Applicable,≤5,Distribution,Yes,11,0.4,Redacted,NEWTON AYCLIFFE SOUTH,DL5 6XF,Redacted,Not Applicable,427825,523512,0.970472038,0.016939552,Urban,0.013,Urban,,,,,,Very low,Very low,Very low,Very low,Very low,0,0,0,0,0,0,0,0,0,0,0,0,0,0,0,0,0,0,,,
1110,AYCLIFFE WALWORTH,North East,8.44477E+11,Ground Mounted,750,Not Applicable,7,Distribution,Yes,11,0.4,553.5,NEWTON AYCLIFFE SOUTH,DL5 6XF,"DL5 6AY, DL5 6XQ, DL5 6XF",Not Applicable,427824,523518,0.970472038,0.016939552,Urban,0.013,Urban,,,,,,Medium,Very low,Very low,Very low,Very low,0,0,0,0,0.2,0.2,0,0.2,0.2,0,3.42395154,3.42395154,0,0,0,0,0.784790308,0.784790308,,Moderate,Moderate
4011,LOW URPETH,North East,8.1159E+11,Pole Mounted,25,Not Applicable,≤5,Distribution,Unknown,20,0.4,Redacted,BIRTLEY GROVE 66/20KV,DH2 1BD,Redacted,Not Applicable,425741,555468,0.963080049,0.016810501,Suburban,0.013,Urban,,,,,,Very low,Very low,Very low,Very low,Very low,0,0,0,0,0,0,0,0,0,0,0,0,0,0,0,0,0,0,,,
3246,DURHAM THREE TUNS,North East,9.37128E+11,Ground Mounted,11,Not Applicable,≤5,Distribution,Yes,11,0.4,Redacted,,DH1 3AQ,Redacted,Not Applicable,427644,542350,0.952960193,0.016633827,Urban,0.013,Urban,Low,Low,Low,Low,Low,Medium,Very low,Very low,Very low,Very low,0,0,1.2,0,0.2,0.2,0,0.2,1.2,0,3.392913073,11.20315213,0,0,1,0,0.778582615,15.04378256,,Moderate,Extreme
1180,FOXTON PLANTATION,North East,78210815530,Pole Mounted,50,Not Applicable,≤5,Distribution,Unknown,20,0.4,Redacted,SKERNESIDE,TS21 2HU,Redacted,Not Applicable,435586,525784,0.949912369,0.016580618,Suburban,0.013,Urban,,,,,,Very low,Very low,Very low,Very low,Very low,0,0,0,0,0,0,0,0,0,0,0,0,0,0,0,0,0,0,,,
3140,RYAL BROILER,North East,5.64952E+11,Pole Mounted,200,Not Applicable,≤5,Distribution,Unknown,20,0.4,Redacted,FISHBURN,TS21 3EL,Redacted,Not Applicable,437082,529685,0.945755482,0.016508046,Suburban,0.013,Urban,,,,,,Low,Very low,Very low,Very low,Very low,0,0,0,0,0,0.2,0,0,0.2,0,0,3.380060589,0,0,0,0,0,0.776012118,,,Moderate
3858,COWDIAL TANFIELD,North East,5.97847E+11,Ground Mounted,750,Not Applicable,≤5,Distribution,Yes,11,0.4,Redacted,TANFIELD,DH9 9XS,Redacted,Not Applicable,418766,554300,0.944191396,0.016480741,Urban,0.013,Urban,,,,,,Low,Very low,Very low,Very low,Very low,0,0,0,0,0,0.2,0,0,0.2,0,0,3.377263962,0,0,0,0,0,0.775452792,,,Moderate
918,BARNINGHAM WILSON,North East,4.64105E+11,Pole Mounted,15,Not Applicable,≤5,Distribution,Unknown,20,0.4,Redacted,HARMIRE BRIDGE,DL11 7EB,Redacted,Not Applicable,408283,511848,0.938490093,0.016381207,Suburban,0.013,Urban,,,,,,High,High,Very low,Very low,Very low,0,0,0,0.3,0.3,0.3,0.3,0.3,0.3,4.412083963,4.412083963,4.412083963,1,1,1,2.473625189,2.473625189,2.473625189,Significant,Significant,Significant
3646,SHERATON HALL,North East,1.9523E+11,Pole Mounted,50,Not Applicable,≤5,Distribution,Unknown,20,0.4,Redacted,HARTMOOR 66/20KV,TS27 4RD,Redacted,Not Applicable,443735,534798,0.936983883,0.016354912,Suburban,0.013,Urban,,,,,,High,Medium,Very low,Very low,Very low,0,0,0,0.2,0.3,0.3,0.2,0.3,0.3,3.36434673,4.40854137,4.40854137,0,1,1,0.772869346,2.472562411,2.472562411,Moderate,Significant,Significant
3450,THORNDALE ROAD,North East,3.2795E+11,Ground Mounted,500,Not Applicable,141,Distribution,Yes,11,0.4,225,BELMONT,DH1 2AA,"DH1 2AA, DH1 2BU, DH1 2QU, DH1 2AD, DH1 2QS, DH1 2QW, DH1 2QR, DH1 2AT",Not Applicable,430651,543648,0.921254098,0.016080303,Suburban,0.013,Urban,,,,,,Very low,Very low,Very low,Very low,Very low,0,0,0,0,0,0,0,0,0,0,0,0,0,0,0,0,0,0,,,
3356,BEANEY LANE,North East,96135201666,Pole Mounted,200,Not Applicable,≤5,Distribution,Unknown,20,0.4,Redacted,POTTER HOUSE T1 T3,DH2 3SL,Redacted,Not Applicable,425860,549084,0.911358416,0.015907547,Suburban,0.013,Urban,,,,,,Very low,Very low,Very low,Very low,Very low,0,0,0,0,0,0,0,0,0,0,0,0,0,0,0,0,0,0,,,
3404,CHILTON LODGE,North East,8.06386E+11,Pole Mounted,16,Not Applicable,≤5,Distribution,Unknown,20,0.4,Redacted,SPENNYMOOR 66/20KV,DL17 0JX,Redacted,Not Applicable,429484,530297,0.907682121,0.015843367,Suburban,0.013,Urban,,,,,,High,Medium,Low,Low,Very low,0,0,0,0.2,0.3,0.9,0.2,0.3,0.9,3.311314158,4.339049041,9.025585718,0,1,1,0.762262832,2.451714712,9.573027146,Moderate,Significant,Extreme
1275,NEWTON AYCLIFFE ASHFIELD,North East,4.85169E+11,Ground Mounted,500,Not Applicable,165,Distribution,Yes,11,0.4,154.6,NEWTON AYCLIFFE SOUTH,DL5 7DB,"DL5 7AT, DL5 7DA, DL5 7AU, DL5 7AS, DL5 7DD, DL5 7AG, DL5 7DB",Not Applicable,426985,524769,0.902412057,0.015751364,Suburban,0.013,Urban,Low,,,,,,,,,,0,0,0.2,0,0,0,0,0,0.2,0,0,3.301685707,0,0,0,0,0,0.760337141,,,Moderate
4076,BARNABAS,North East,1.30802E+11,Ground Mounted,500,Not Applicable,202,Distribution,Yes,11,0.4,177.3,OFFERTON 33/11KV,DH4 6ET,"DH4 6ET, DH4 6HJ, DH4 6EU, DH4 6HG, DH4 6UA, DH4 6HH, DH4 6UB",Not Applicable,430712,551417,0.898747981,0.015687398,Suburban,0.013,Urban,,,,,,Low,Low,Very low,Very low,Very low,0,0,0,0,0,0.3,0,0,0.3,0,0,4.317638485,0,0,1,0,0,2.445291545,,,Significant
2508,LANGLEY BESSEMER,North East,3.46897E+11,Ground Mounted,500,Not Applicable,165,Distribution,Yes,11,0.4,147.7,LOW SPENNYMOOR,DL16 6PL,"DL16 6PL, DL16 6XQ, DL16 6QD, DL16 6NX, DL16 6TS, DL16 6XG, DL16 6PN, DL16 6NY, DL16 6PP",Not Applicable,426385,533890,0.893353164,0.015593218,Suburban,0.013,Urban,,,,,,High,Medium,Very low,Very low,Very low,0,0,0,0.2,0.3,0.3,0.2,0.3,0.3,3.285069155,4.304658358,4.304658358,0,1,1,0.757013831,2.441397507,2.441397507,Moderate,Significant,Significant
2196,NEWTON CAP COLLIERY,North East,8.95147E+11,Ground Mounted,200,Not Applicable,≤5,Distribution,Yes,20,0.4,Redacted,TORONTO 66/20KV,DL14 7SB,Redacted,Not Applicable,420160,530791,0.885343254,0.015453385,Suburban,0.013,Urban,,,,,,Low,Low,,,,0,0,0,0,0,0.3,0,0,0.3,0,0,4.285313767,0,0,1,0,0,2.43559413,,,Significant
2167,DURHAM ROAD WOLSINGHAM,North East,5.56152E+11,Pole Mounted,315,Not Applicable,84,Distribution,Yes,20,0.4,108.9,BRANCEPETH,DL13 3JB,"DL13 3HX, DL13 3JD, DL13 3JB, DL13 3HZ, DL13 3JE, DL13 3JL, DL13 3HT",Not Applicable,408315,537361,0.873483121,0.015246338,Improved grassland,0.04,Pasture/Arable,,,,,,Very low,Very low,Very low,Very low,Very low,0,0,0,0,0,0,0,0,0,0,0,0,0,0,0,0,0,0,,,
4132,CHESTER CRICKET NORTH,North East,4.13118E+11,Ground Mounted,500,Not Applicable,≤5,Distribution,Yes,11,0.4,Redacted,HIGH FLATTS,DH3 3SH,Redacted,Not Applicable,428210,550713,0.864298284,0.015085995,Urban,0.013,Urban,Low,Low,Very low,Very low,Very low,,,,,,0,0,0.3,0,0,0,0,0,0.3,0,0,4.234067705,0,0,1,0,0,2.420220312,,,Significant
3372,BLACKDOWN,North East,7.91318E+11,Ground Mounted,500,Not Applicable,284,Distribution,Yes,11,0.4,283.1,PETERLEE WEST,SR8 2JP,"SR8 2JR, SR8 2LQ, SR8 2LP, SR8 2JN, SR8 2LW, SR8 2NQ, SR8 2JL, SR8 2JT, SR8 2LH, SR8 2LL, SR8 2LR, SR8 2JS, SR8 2LJ, SR8 2LN, SR8 2JP, SR8 2NB, SR8 2JW",Not Applicable,441525,540434,0.86307317,0.015064608,Suburban,0.013,Urban,,,,,,High,Medium,Very low,Very low,Very low,0,0,0,0.2,0.3,0.3,0.2,0.3,0.3,3.228907187,4.231065362,4.231065362,0,1,1,0.745781437,2.419319609,2.419319609,Low,Significant,Significant
2310,SHINCLIFFE PUMPS,North East,71229963538,Pole Mounted,200,Not Applicable,≤5,Distribution,Unknown,11,0.4,Redacted,BELMONT,DH1 2SU,Redacted,Not Applicable,429363,541390,0.860817432,0.015025229,"Fen, marsh and swamp",0.04,Pasture/Arable,Low,Low,Low,Very low,Very low,,,,,,0,0,0.6,0,0,0,0,0,0.6,0,0,2.179974392,0,0,0.5,0,0,2.107984635,,,Significant
2524,MEADOWFIELD LAUNDRY,North East,7.20567E+11,Ground Mounted,500,Not Applicable,≤5,Distribution,Unknown,11,0.4,Redacted,MEADOWFIELD,DH7 8XL,Redacted,Not Applicable,425274,539061,0.852410376,0.014878465,Urban,0.013,Urban,,,,,,Very low,Very low,Very low,Very low,Very low,0,0,0,0,0,0,0,0,0,0,0,0,0,0,0,0,0,0,,,
1095,AYCLIFFE LOWERY,North East,7.69668E+11,Ground Mounted,500,Not Applicable,260,Distribution,Yes,11,0.4,195.9,NEWTON AYCLIFFE SOUTH,DL5 5JJ,"DL5 5HH, DL5 5JX, DL5 5HJ, DL5 5JU, DL5 5JP, DL5 5JN, DL5 5JS, DL5 5JW, DL5 5JR",Not Applicable,427246,524490,0.848632932,0.014812522,Suburban,0.013,Urban,,,,,,Very low,Very low,Very low,Very low,Very low,0,0,0,0,0,0,0,0,0,0,0,0,0,0,0,0,0,0,,,
1149,STATION HOUSE,North East,5.55248E+11,Pole Mounted,50,Not Applicable,≤5,Distribution,Unknown,20,0.4,Redacted,SKERNESIDE,TS21 2EP,Redacted,Not Applicable,433127,528401,0.830571175,0.014497217,Suburban,0.013,Urban,,,,,,Very low,Very low,Very low,Very low,Very low,0,0,0,0,0,0,0,0,0,0,0,0,0,0,0,0,0,0,,,
3484,Low Spennymoor,North East,8.43319E+11,Ground Mounted,,24,8749,Primary,Yes,66,11,8663.999891281126,Spennymoor 132/66kV,DL16 7RS,"DL16 6TG, DL16 6TB, DL16 6SZ, DL16 6LN, DL16 6UX, DL16 6FT, DL16 6LP, DL16 6LL, DL16 6LW, DL16 6SD, DL16 6TY, DL16 6DA, DL16 6RX, DL16 6SE, DL16 6TZ, DL16 6UH, DL16 6UF, DL16 6UJ, DL16 6SF, DL16 6SA, DL16 6SB, DL16 6JJ, DL16 6BB, DL16 7NE, DL16 6GA, DL16 6BD, DL16 7SF, DL16 7LG, DL16 7TA, DL16 7SZ, DL16 6DD, DL16 7NA, DL16 6AY, DL16 7SE, DL16 7LD, DL16 7TQ, DL16 7UH, DL16 6YP, DL16 6JN, DL16 6SL, DL16 6JR, DL16 6DL, DL16 6JU, DL16 6RE, DL16 6DY, DL16 6SQ, DL16 6EB, DL16 6RJ, DL16 6JP, DL16 6RQ, DL16 6SH, DL16 6NE, DL16 6JW, DL16 6RH, DL16 6JS, DL16 6DU, DL16 6DT, DL16 6DN, DL16 6FL, DL16 6JT, DL16 6DX, DL16 6RL, DL16 6JY, DL16 6LG, DL16 6YW, DL16 6LJ, DL16 6LE, DL16 6LA, DL16 6JZ, DL16 6LH, DL16 6LD, DL16 6SW, DL16 6SX, DL16 6TW, DL16 6TR, DL16 6SP, DL16 6TN, DL16 6FG, DL16 6FQ, DL16 6SR, DL16 6SY, DL16 6ST, DL16 6FF, DL16 6TP, DL16 6FE, DL16 6SS, DL16 6FH, DL16 6SU, DL16 6TA, DL16 6EN, DL16 6HH, DL16 6HT, DL16 6HQ, DL16 6HU, DL16 6EP, DL16 6HY, DL16 7RS, DL16 6HS, DL16 6ER, DL16 7UA, DL16 6DB, DL16 6DF, DL16 6QB, DL16 6NZ, DL16 6FB, DL16 6QA, DL16 6PX, DL16 6NW, DL14 6JZ, DL16 7RY, DL16 7RZ, DL16 6RS, DL16 6HG, DL16 6HP, DL16 6HZ, DL16 6JE, DL16 6HR, DL16 6HF, DL16 6HJ, DL16 6JQ, DL16 6HW, DL16 6JD, DL16 6HD, DL16 7DD, DL16 7DF, DL16 7DE, DL16 7SY, DL16 7TL, DL16 7LE, DL16 7TE, DL16 7TP, DL16 7TX, DL16 7TZ, DL16 7TR, DL16 7TU, DL16 7TD, DL16 7SG, DL16 7TW, DL16 7UD, DL16 7SX, DL16 7UE, DL16 7TJ, DL16 7TB, DL16 7TY, DL16 7TH, DL16 7UB, DL16 7TG, DL16 7TT, DL16 7UF, DL16 6JH, DL16 7LS, DL16 7LX, DL16 7LT, DL16 7ND, DL16 7NF, DL16 7LW, DL16 7LP, DL16 7NB, DL16 7SQ, DL16 7LR, DL16 7LY, DL16 7NG, DL16 7SH, DL16 7SA, DL16 7LL, DL16 7UG, DL16 7BW, DL16 7LQ, DL16 7DB, DL16 7BP, DL16 7LJ, DL16 7LH, DL16 7LN, DL16 7SJ, DL16 7AA, DL16 7LF, DL16 7AB, DL16 6UE, DL16 6UA, DL16 6XU, DL16 6UL, DL16 6UD, DL16 6UP, DL16 6TU, DL16 6UB, DL16 6UR, DL16 6UW, DL16 6XT, DL16 6UN, DL16 6XS, DL16 6TX, DL16 6LY, DL16 6LZ, DL16 6LS, DL16 6UU, DL16 6UY, DL16 6UT, DL16 6LT, DL16 6LX, DL16 6LU, DL16 6SN, DH6 5HS, DH6 5JU, DL16 7XX, DL16 7XZ, DL16 7UJ, DL16 7SD, DL16 7UL, DL16 7UN, DL16 7XY, DL16 7DP, DL16 7EH, DL16 7EJ, DL16 7YQ, DL16 7EN, DL16 7YF, DL16 7YA, DL16 7DW, DL16 7YE, DL16 7YD, DL16 7DN, DL16 7EL, DL16 7YB, DL16 7DS, DL16 7EW, DL16 7YG, DL16 7DT, DL16 6XL, DL16 6YY, DL16 6YZ, DL16 6YU, DL16 6XY, DL16 6XZ, DL16 6YT, DL16 6XH, DL16 6XW, DL16 6XN, DL16 6XR, DL16 6XJ, DL16 6XP, DL16 6PP, DL16 6YX, DL16 6FJ, DL16 6PZ, DL16 6ED, DL16 6ND, DL16 6DJ, DL16 6RP, DL16 6RW, DL16 6RU, DL16 6TT, DL16 6RN, DL16 6SG, DL16 6NG, DL16 6NF, DL16 6TQ, DL16 6EA, DL16 6DZ, DL16 6EF, DL16 6EL, DL16 6LF, DL16 6LR, DL16 6LQ, DL16 6ES, DL16 6AX, DL16 6EY, DL16 6EZ, DL16 6EU, DL16 7DX, DL16 7DY, DL16 7DQ, DL16 7DR, DL16 7DL, DL16 7EF, DL16 7EG, DL16 7DJ, DL16 7EE, DL16 7EA, DL16 7DU, DL16 7ED, DL16 7EB, DL16 7AD, DL16 7ES, DL16 7DH, DL16 7EQ, DL16 7DZ, DL16 7LZ, DL16 7AG, DL16 7BG, DL16 7AL, DL16 7AF, DL16 7AN, DL16 7AE, DL16 7DG, DL16 7AP, DL16 7AQ, DL16 7BL, DL16 7AH, DL16 6XF, DL16 6XD, DL16 6XE, DL16 6GD, DL16 6EQ, DL16 6EH, DL16 6FR, DL16 6ET, DL16 6XB, DL16 6BL, DL16 6HX, DL16 6EW, DL16 6DE, DL16 6BQ, DL16 6AP, DL16 6AU, DL16 6AT, DL16 6AR, DL16 6AS, DL16 6DG, DL16 6AN, DL16 6AA, DL16 6AB, DL16 6BH, DL16 6AQ, DL16 6AL, DL16 6AZ, DL16 6AE, DL16 6AJ, DL16 6AW, DL16 6BA, DL16 7SB, DL16 6RD, DL16 6RT, DL16 6XX, DL16 6QX, DL16 6RZ, DL16 6RG, DL16 6QU, DL16 6AH, DL16 6JL, DL16 6RF, DL16 6QJ, DL16 6QZ, DL16 6QY, DL16 6RA, DL16 6RB, DL16 6RR, DL16 6QL, DL17 8LD, DH6 5JX, DL17 8RU, DL16 6DP, DL16 6QP, DL16 6QQ, DL16 6QH, DL16 6RY, DL16 6QG, DL16 6DS, DL16 6UQ, DL16 6DW, DL16 6DR, DL16 6QN, DL16 6UG, DL16 6YQ, DL16 6TE, DL16 6TL, DL16 6TD, DL16 6TH, DL16 6TJ, DL16 6LB, DL16 6FW, DL16 6JX, DH6 5JD, DL16 6TF, DL16 7PH, DL16 6AG, DL16 6PL, DL16 6XQ, DL16 6QD, DL16 6NX, DL16 6TS, DL16 6XG, DL16 6PN, DL16 6NY, DL16 7AU, DL16 7BQ, DL16 7AJ, DL16 7AR, DL16 7BN, DL16 7BJ, DL16 7AX, DL16 7AS, DL16 7BF, DL16 7AY, DL16 7AT, DL16 7QD, DL16 7BH, DL16 7AZ, DL16 7BB, DL16 7BA, DL16 7AW, DL16 7DA, DL16 7ST, DL16 7TN, DL16 7SW, DL16 7SL, DL16 7SU, DL16 7SS, DL16 7SN, DL16 7SP, DL16 7SR, DL16 6NP, DL16 6NS, DL16 6NT, DL17 8RT, DL16 6YD, DL16 6JF","DH65, DL146, DL166, DL167",426467,533608,0.828395903,0.014459244,Suburban,0.013,Urban,,,,,,Medium,Medium,Low,Very low,Very low,0,0,0,0,0.3,0.6,0,0.3,0.6,0,4.145182005,6.580066275,0,1,1,0,2.393554601,5.248039765,,Significant,Extreme
2422,THORNLEY CLOSE SW,North East,2.9098E+11,Pole Mounted,25,Not Applicable,≤5,Distribution,Unknown,20,0.4,Redacted,TBC,DH6 3AJ,Redacted,Not Applicable,437018,539934,0.827248275,0.014439209,Improved grassland,0.04,Pasture/Arable,,,,,,Very low,Very low,Very low,Very low,Very low,0,0,0,0,0,0,0,0,0,0,0,0,0,0,0,0,0,0,,,
3329,RAINTON GATE,North East,4.71106E+11,Ground Mounted,500,Not Applicable,293,Distribution,Yes,11,0.4,278.6,HOUGHTON,DH4 6RH,"DH4 6SB, DH4 6RH, DH4 6SF, DH4 6RL, DH4 6RU, DH4 6SJ, DH4 6SG, DH4 6SA, DH4 6RZ, DH4 6SD, DH4 6FS, DH5 9RG, DH4 6QY, DH4 6RQ, DH4 6RR, DH4 6QL, DH5 9RH, DH4 6RG, DH4 6RY, DH4 6RJ, DH4 6SQ, DH4 6RS",Not Applicable,431886,546341,0.824062169,0.01438359,Suburban,0.013,Urban,,,,,,Low,Very low,Very low,Very low,Very low,0,0,0,0,0,0.2,0,0,0.2,0,0,3.155079383,0,0,0,0,0,0.731015877,,,Low
1854,WILLINGTON LOWFIELD,North East,6.32514E+11,Pole Mounted,100,Not Applicable,≤5,Distribution,Unknown,20,0.4,Redacted,TORONTO 66/20KV,DL15 0UA,Redacted,Not Applicable,421591,534675,0.823938847,0.014381437,Improved grassland,0.04,Pasture/Arable,High,High,Medium,Medium,Low,,,,,,0.3,0.9,1.2,0,0,0,0.3,0.9,1.2,1.343554603,2.794706195,3.385545451,0,0.5,0.5,0.553066381,3.465235575,5.162654542,Low,Extreme,Extreme
2442,DRAGONVILLE GTC,North East,3.91582E+11,Ground Mounted,1000,Not Applicable,47,Distribution,Yes,11,0.4,1688.6,BELMONT,DH1 2YN,"DH1 2YN, DH1 2RE, DH1 2RB, DH1 2HF, DH1 2DX, DH1 2XL, DH1 2XH, DH1 2DT, DH1 2DU, DH1 2RS",Not Applicable,429996,542649,0.820126295,0.014314882,Urban,0.013,Urban,,,,,,High,Medium,Low,Very low,Very low,0,0,0,0.2,0.3,0.6,0.2,0.3,0.6,3.147534709,4.12443725,6.54713603,0,1,1,0.729506942,2.387331175,5.228281618,Low,Significant,Extreme
1113,AYCLIFFE WRIGHT,North East,86298288090,Ground Mounted,750,Not Applicable,505,Distribution,Yes,11,0.4,389.7,NEWTON AYCLIFFE SOUTH,DL5 4EY,DL5 4LH,Not Applicable,427262,525010,0.812050343,0.014173901,Suburban,0.013,Urban,,,,,,Low,,,,,0,0,0,0,0,0.2,0,0,0.2,0,0,3.131997061,0,0,0,0,0,0.726399412,,,Low
718,BISHOP AUCKLAND SEYMOUR,North East,3.67986E+11,Ground Mounted,800,Not Applicable,457,Distribution,Yes,11,0.4,504.6,TORONTO 66/20KV,DL14 6JD,"DL14 6BG, DL14 6LE, DL14 6SD, DL14 6RP",Not Applicable,420904,528494,0.806566596,0.014078173,Urban,0.013,Urban,,,,,,Low,,,,,0,0,0,0,0,0.2,0,0,0.2,0,0,3.121402609,0,0,0,0,0,0.724280522,,,Low
3492,SEAHAM RETAIL,North East,9.5338E+11,Ground Mounted,800,Not Applicable,8,Distribution,Yes,20,0.4,187.4,STONEY CUT,SR7 7DR,SR7 7DR,Not Applicable,443116,549296,0.805732787,0.014063617,Urban,0.013,Urban,,,,,,Low,Very low,Very low,Very low,Very low,0,0,0,0,0,0.2,0,0,0.2,0,0,3.119788563,0,0,0,0,0,0.723957713,,,Low
1203,AYCLIFFE CUMBIE WEST,North East,1.93978E+11,Ground Mounted,500,Not Applicable,9,Distribution,Yes,11,0.4,144.4,HEIGHINGTON,DL5 6YA,"DL5 6YA, DL5 6AJ, DL5 6XJ",Not Applicable,427496,522788,0.798702657,0.013940894,Suburban,0.013,Urban,,,,,,Very low,Very low,Very low,Very low,Very low,0,0,0,0,0,0,0,0,0,0,0,0,0,0,0,0,0,0,,,
3313,PETERLEE WHITEHOUSE,North East,8.45853E+11,Ground Mounted,800,Not Applicable,≤5,Distribution,Yes,11,0.4,Redacted,PETERLEE WEST,SR8 2RA,Redacted,Not Applicable,440931,540627,0.776643932,0.013555824,Suburban,0.013,Urban,,,,,,Low,Very low,Very low,Very low,Very low,0,0,0,0,0,0.2,0,0,0.2,0,0,3.062947869,0,0,0,0,0,0.712589574,,,Low
4133,CHESTER GRANGE,North East,1.93425E+11,Ground Mounted,500,Not Applicable,≤5,Distribution,Yes,11,0.4,Redacted,HIGH FLATTS,DH2 2FR,Redacted,Not Applicable,424983,551531,0.770364583,0.013446209,Arable and horticulture,0.03,Pasture/Arable,,,,,,High,High,High,High,High,0,0,0,1.2,1.2,1.2,1.2,1.2,1.2,4.364818267,4.364818267,4.364818267,0.5,0.5,0.5,6.33778192,6.33778192,6.33778192,Extreme,Extreme,Extreme
2552,HAVERLEY HOUSE,North East,1.46159E+11,Pole Mounted,100,Not Applicable,≤5,Distribution,Yes,20,0.4,Redacted,HAWTHORN PIT,SR7 0NF,Redacted,Not Applicable,439214,548777,0.76800108,0.01340495,Arable and horticulture,0.03,Pasture/Arable,,,,,,High,Very low,Very low,Very low,Very low,0,0,0,0.2,0.2,0.2,0.2,0.2,0.2,1.319870575,1.319870575,1.319870575,0,0,0,0.363974115,0.363974115,0.363974115,Low,Low,Low
617,HUMMERBECK,North East,5.62088E+11,Pole Mounted,100,Not Applicable,23,Distribution,Yes,20,0.4,27.4,TORONTO 66/20KV,DL14 9PF,"DL14 9PQ, DL14 9PF, DL14 9PG",Not Applicable,418824,525660,0.765406191,0.013359653,Arable and horticulture,0.03,Pasture/Arable,,,,,,Very low,Very low,Very low,Very low,Very low,0,0,0,0,0,0,0,0,0,0,0,0,0,0,0,0,0,0,,,
1757,LOW WESTFIELD,North East,9.16561E+11,Pole Mounted,100,Not Applicable,≤5,Distribution,No,20,0.4,Redacted,BRANCEPETH,DL13 3JF,Redacted,Not Applicable,409390,536855,0.747022033,0.013038733,Improved grassland,0.04,Pasture/Arable,,,,,,Very low,Very low,Very low,Very low,Very low,0,0,0,0,0,0,0,0,0,0,0,0,0,0,0,0,0,0,,,
793,WOODHOUSE GUDMUNSEN,North East,1.32386E+11,Ground Mounted,800,Not Applicable,335,Distribution,Yes,11,0.4,326.3,FYLANDS BRIDGE,DL14 9TE,"DL14 6RG, DL14 6RE, DL14 9SR, DL14 9TT, DL14 9ST, DL14 6RN, DL14 9TA, DL14 9SZ, DL14 9TD, DL14 9TB, DL14 9SS, DL14 9TH, DL14 9TJ, DL14 9SY, DL14 6RF, DL14 6RH, DL14 9SX, DL14 9AB, DL14 9TE",Not Applicable,419986,527484,0.73617357,0.01284936,Urban,0.013,Urban,,,,,,Very low,Very low,Very low,Very low,Very low,0,0,0,0,0,0,0,0,0,0,0,0,0,0,0,0,0,0,,,
900,BARNARD CASTLE GRAMMAR,North East,6.37688E+11,Ground Mounted,300,Not Applicable,100,Distribution,Yes,20,0.4,203.2,HARMIRE BRIDGE,DL12 8HH,"DL12 8HD, DL12 8HZ, DL12 8HH, DL12 8HB, DL12 8HE, DL12 8HG, DL12 8HQ, DL12 8HL, DL12 8HJ, DL12 8GA",Not Applicable,405748,517212,0.720563293,0.012576865,Urban,0.013,Urban,,,,,,Low,Low,Very low,Very low,Very low,0,0,0,0,0,0.3,0,0,0.3,0,0,3.86595698,0,0,1,0,0,2.309787094,,,Significant
1013,SHILDON FORGE,North East,6.75082E+11,Ground Mounted,1000,Not Applicable,6,Distribution,Yes,11,0.4,Redacted,FYLANDS BRIDGE,DL4 1LH,DL4 1HF,Not Applicable,422610,525533,0.717201531,0.012518182,Suburban,0.013,Urban,,,,,,Low,Very low,Very low,Very low,Very low,0,0,0,0,0,0.2,0,0,0.2,0,0,2.94338637,0,0,0,0,0,0.688677274,,,Low
1279,NEWTON AYCLIFFE BURN,North East,31658961618,Ground Mounted,300,Not Applicable,19,Distribution,Yes,11,0.4,21.2,AYCLIFFE INDUSTRIAL,DL5 4HT,"DL5 4HX, DL5 4PG, DL5 4HT, DL5 5NP",Not Applicable,427927,525409,0.716552436,0.012506851,Suburban,0.013,Urban,,,,,,Medium,Low,Very low,Very low,Very low,0,0,0,0,0.2,0.3,0,0.2,0.3,0,2.942053991,3.85518134,0,0,1,0,0.688410798,2.306554402,,Low,Significant
2864,DRAGONVILLE 10,North East,4.96614E+11,Ground Mounted,315,Not Applicable,≤5,Distribution,Yes,11,0.4,Redacted,BELMONT,DH1 2XL,Redacted,Not Applicable,429798,542635,0.714379787,0.012468926,Urban,0.013,Urban,,,,,,High,High,Very low,Very low,Very low,0,0,0,0.3,0.3,0.3,0.3,0.3,0.3,3.849331674,3.849331674,3.849331674,1,1,1,2.304799502,2.304799502,2.304799502,Significant,Significant,Significant
3526,BEECH CRESCENT,North East,9.15406E+11,Ground Mounted,500,Not Applicable,161,Distribution,Yes,20,0.4,134.8,STONEY CUT,SR7 7RN,"SR7 7RS, SR7 7XA, SR7 7RN, SR7 7UD, SR7 7QE, SR7 7XB, SR7 7QF, SR7 7QD, SR7 7UF, SR7 7RR",Not Applicable,442316,548699,0.712332428,0.012433187,Suburban,0.013,Urban,,,,,,Medium,High,Very low,Very low,Very low,0,0,0,0.3,0.3,0.3,0.3,0.3,0.3,3.843811195,3.843811195,3.843811195,1,1,1,2.303143358,2.303143358,2.303143358,Significant,Significant,Significant
3493,SHERATON HIGH,North East,8.90115E+11,Pole Mounted,25,Not Applicable,≤5,Distribution,Unknown,20,0.4,Redacted,HARTMOOR 66/20KV,TS27 3EW,Redacted,Not Applicable,443188,534228,0.710550666,0.012402084,Suburban,0.013,Urban,,,,,,Very low,Very low,Very low,Very low,Very low,0,0,0,0,0,0,0,0,0,0,0,0,0,0,0,0,0,0,,,
525,COCKFIELD SLACK,North East,4.85624E+11,Pole Mounted,25,Not Applicable,≤5,Distribution,Unknown,20,0.4,Redacted,TORONTO 66/20KV,DL13 5HA,Redacted,Not Applicable,411397,525378,0.709057093,0.012376013,Improved grassland,0.04,Pasture/Arable,High,High,Medium,Low,Very low,,,,,,0.3,0.6,0.9,0,0,0,0.3,0.6,0.9,1.246363008,1.978477951,2.592539532,0,0,0.5,0.523908903,1.48708677,3.283285578,Low,Significant,Extreme
3161,HOUGHALL ACCOMMODATION,North East,4.57582E+11,Ground Mounted,500,Not Applicable,≤5,Distribution,Yes,11,0.4,Redacted,BELMONT,DH1 3SB,Redacted,Not Applicable,428211,541282,0.691930115,0.012077046,Suburban,0.013,Urban,High,High,Medium,Low,Low,,,,,,0.3,0.6,1.2,0,0,0,0.3,0.6,1.2,3.788359408,6.013645709,9.546067525,1,1,1,2.286507822,4.908187425,13.05528103,Significant,Extreme,Extreme
2588,BOWBURN INDUSTRIAL,North East,9.68312E+11,Ground Mounted,500,Not Applicable,7,Distribution,Yes,20,0.4,69.7,SPENNYMOOR 66/20KV,DH6 5AD,"DH6 5PF, DH6 5AD",Not Applicable,430273,537984,0.690957725,0.012060072,Urban,0.013,Urban,,,,,,Low,Low,Very low,Very low,Very low,0,0,0,0,0,0.3,0,0,0.3,0,0,3.785696266,0,0,1,0,0,2.28570888,,,Significant
1219,AYCLIFFE REDWORTH,North East,3.18332E+11,Ground Mounted,500,Not Applicable,≤5,Distribution,Yes,11,0.4,Redacted,NEWTON AYCLIFFE SOUTH,DL5 6DB,Redacted,Not Applicable,427771,523640,0.690703213,0.012055629,Urban,0.013,Urban,,,,,,Very low,Very low,Very low,Very low,Very low,0,0,0,0,0,0,0,0,0,0,0,0,0,0,0,0,0,0,,,
2740,WHITWELL ACRES,North East,9.84313E+11,Ground Mounted,500,Not Applicable,230,Distribution,Yes,11,0.4,167.7,BELMONT,DH1 2PX,"DH1 2UD, DH1 2TZ, DH1 2PU, DH1 2PY, DH1 2YJ, DH1 2PT, DH1 2PR, DH1 2FB, DH1 2PX, DH1 2UB, DH1 2FD, DH1 2TY, DH1 2PS",Not Applicable,429810,539796,0.685433269,0.011963638,Suburban,0.013,Urban,,,,,,Low,Low,Very low,Very low,Very low,0,0,0,0,0,0.3,0,0,0.3,0,0,3.770530434,0,0,1,0,0,2.28115913,,,Significant
2871,DURHAM LEISURE,North East,5.53999E+11,Ground Mounted,500,Not Applicable,≤5,Distribution,Unknown,11,0.4,Redacted,BELMONT,DH1 1SQ,Redacted,Not Applicable,427475,542824,0.684986472,0.011955839,Urban,0.013,Urban,Medium,Low,Low,Very low,Very low,,,,,,0,0.2,0.6,0,0,0,0,0.2,0.6,0,2.87651519,5.983392714,0,0,1,0,0.675303038,4.890035628,,Low,Extreme
748,CHAPEL HOUSE,North East,9.88956E+11,Pole Mounted,16,Not Applicable,≤5,Distribution,Unknown,20,0.4,Redacted,HARMIRE BRIDGE,DL12 8SA,Redacted,Not Applicable,406355,521976,0.684430599,0.011946136,Improved grassland,0.04,Pasture/Arable,,,,,,High,Medium,Very low,Very low,Very low,0,0,0,0.2,0.3,0.3,0.2,0.3,0.3,0.934487997,1.224525688,1.224525688,0,0,0,0.286897599,0.517357706,0.517357706,Low,Low,Low
1195,NUNSTAINTON GRANGE,North East,8.33289E+11,Pole Mounted,25,Not Applicable,≤5,Distribution,Unknown,20,0.4,Redacted,SKERNESIDE,DL17 0LH,Redacted,Not Applicable,430800,528728,0.669110179,0.011678707,Suburban,0.013,Urban,,,,,,Very low,Very low,Very low,Very low,Very low,0,0,0,0,0,0,0,0,0,0,0,0,0,0,0,0,0,0,,,
2566,BARKERS HAUGH,North East,8.23885E+11,Ground Mounted,500,Not Applicable,≤5,Distribution,Yes,11,0.4,Redacted,DURHAM EAST,DH1 5TA,Redacted,Not Applicable,427702,543178,0.66217798,0.011557701,Suburban,0.013,Urban,Low,Low,Low,Very low,Very low,,,,,,0,0,0.6,0,0,0,0,0,0.6,0,0,5.882923496,0,0,1,0,0,4.829754098,,,Extreme
2925,GLOUCESTER PLACE,North East,7.8183E+11,Ground Mounted,500,Not Applicable,206,Distribution,Yes,11,0.4,157.1,SHOTTON,SR8 2HQ,"SR8 2RW, SR8 2HF, SR8 2HQ, SR8 2HE, SR8 2AY, SR8 2HD, SR8 2HW, SR8 2EL, SR8 2RN, SR8 2RP",Not Applicable,441864,541278,0.655736387,0.011445259,Suburban,0.013,Urban,,,,,,Very low,Very low,Very low,Very low,Very low,0,0,0,0,0,0,0,0,0,0,0,0,0,0,0,0,0,0,,,
3004,BRACKEN HILL NORTH,North East,9.128E+11,Ground Mounted,1000,Not Applicable,≤5,Distribution,Yes,11,0.4,Redacted,PETERLEE WEST,SR8 2RS,Redacted,Not Applicable,440767,540062,0.65138495,0.011369302,Urban,0.013,Urban,,,,,,Very low,Very low,Very low,Very low,Very low,0,0,0,0,0,0,0,0,0,0,0,0,0,0,0,0,0,0,,,
1263,MORDON SEWAGE,North East,52216557424,Pole Mounted,25,Not Applicable,≤5,Distribution,Unknown,20,0.4,Redacted,SKERNESIDE,TS21 2EY,Redacted,Not Applicable,432801,526271,0.65085125,0.011359986,Improved grassland,0.04,Pasture/Arable,,,,,,Very low,Very low,Very low,Very low,Very low,0,0,0,0,0,0,0,0,0,0,0,0,0,0,0,0,0,0,,,
3483,Durham East,North East,7.63002E+11,Ground Mounted,,22,4990,Primary,Yes,66,11,13945.609807968129,Potter House,DH1  5SU,"DH1 3RW, DH1 3EQ, DH1 3EP, DH1 3RH, DH1 3RN, DH1 3EW, DH1 3RS, DH1 3RL, DH1 5RZ, DH1 5QB, DH1 5QG, DH1 5QN, DH1 5QF, DH1 5QD, DH1 5QE, DH1 5QW, DH1 5QQ, DH1 5SA, DH1 5QT, DH1 5PT, DH1 5QS, DH1 5QR, DH1 5PS, DH1 5PU, DH1 3EH, DH1 3RJ, DH1 3EE, DH1 4PP, DH1 4PW, DH1 4QX, DH1 4QP, DH1 4SH, DH1 4PR, DH1 4GB, DH1 3NP, DH1 4SJ, DH1 4NQ, DH1 4DB, DH1 4UQ, DH1 4NH, DH1 5TP, DH1 4NF, DH1 4NE, DH1 5UA, DH1 4NG, DH1 4BH, DH1 4FP, DH1 4BG, DH1 4EF, DH1 4BN, DH1 1SF, DH1 1SQ, DH1 1SW, DH1 3JS, DH1 3HL, DH1 3HW, DH1 3HB, DH1 3ES, DH1 3NU, DH1 3RQ, DH1 3ER, DH1 3ET, DH1 3UJ, DH1 1RR, DH1 4PS, DH1 4QN, DH1 4QW, DH1 3EA, DH1 3EB, DH1 4SZ, DH1 4QL, DH1 4LT, DH1 4LY, DH1 4RL, DH1 4LZ, DH1 4NA, DH1 4RQ, DH1 4ND, DH1 4LX, DH1 4NL, DH1 4TP, DH1 4NB, DH1 4TL, DH1 4RF, DH1 4RJ, DH1 4RG, DH1 3HN, DH1 3AN, DH1 3DB, DH1 3AQ, DH1 5PD, DH1 5GB, DH1 5FA, DH1 5GP, DH1 5GY, DH1 5GT, DH1 5GU, DH1 5GL, DH1 5GE, DH1 5GW, DH1 5GS, DH1 5GR, DH1 5GA, DH1 5FN, DH1 5GN, DH1 5TS, DH1 5TT, DH1 5XR, DH1 5QY, DH1 5QZ, DH1 5NF, DH1 5XT, DH1 5XP, DH1 5YQ, DH1 5YH, DH1 5YJ, DH1 4UD, DH1 4UB, DH1 4SW, DH1 4SL, DH1 4SR, DH1 4RA, DH1 4TZ, DH1 4SQ, DH1 4TY, DH1 5PJ, DH1, DH1 5HF, DH1 3BA, DH1 3AZ, DH1 3RB, DH1 3NJ, DH1 3FN, DH1 3NE, DH1 3RD, DH1 3RA, DH1 3PG, DH1 3NH, DH1 3PQ, DH1 3NZ, DH1 5ZF, DH1 5PY, DH1 5XA, DH1 5QA, DH1 5XB, DH1 5PZ, DH1 5PX, DH1 5QJ, DH1 5PR, DH1 5QL, DH1 1XF, DH1 3NL, DH1 1XD, DH1 3, DH1 3NB, DH1 1RH, DH1 3ND, DH1 1RE, DH1 1QP, DH1 1RG, DH1 1TX, DH1 1QT, DH1 1RF, DH1 1QW, DH1 1SA, DH1 1WA, DH1 1QE, DH1 1SG, DH1 1QS, DH1 1RS, DH1 1LH, DH1 1RP, DH1 1RX, DH1 1RU, DH1 1RT, DH1 3DY, DH1 3FL, DH1 3DZ, DH1 3DL, DH1 3DN, DH1 3DT, DH1 3DS, DH1 3DU, DH1 3DQ, DH1 3DW, DH1 3DP, DH1 3PN, DH1 3AF, DH1 3AA, DH1 3NR, DH1 3AG, DH1 3UL, DH1 3NG, DH1 1JS, DH1 5TE, DH1 5YL, DH1 5ND, DH1 5XG, DH1 5XF, DH1 5QX, DH1 5QU, DH1 5XD, DH1 3RP, DH1 1QZ, DH1 1TS, DH1 5RN, DH1 5TA, DH1 5GF, DH1 3AR, DH1 3AL, DH6 4HE, DH1 3AP, DH1 3DG, DH1 3AW, DH1 3AS, DH1 4NJ, DH1 4LU, DH1 4LS, DH1 5RP, DH1 5XW, DH1 4QU, DH1 4QG, DH1 4QF, DH1 4PZ, DH1 4QB, DH1 4QD, DH1 4QE, DH1 4GA, DH1 1LR, DH1 4DJ, DH1 4SN, DH1 4RZ, DH1 4SG, DH1 4PY, DH1 4EY, DH1 4RD, DH1 4SF, DH1 5SZ, DH1 5SY, DH1 5SX, DH1 5SU, DH1 4RB, DH1 4QQ, DH1 4QT, DH1 4ER, DH1 4PT, DH1 4EJ, DH1 4EP, DH1 4EL, DH1 4QJ, DH1 4QY, DH1 4EG, DH1 4EE, DH1 4EQ, DH1 4ET, DH1 4QH, DH1 4DS, DH1 4ED, DH1 4DP, DH1 5TU, DH1 1AA, DH1 1LN, DH1 1LW, DH1 1RD, DH1 1RB, DH1 1XE, DH1 4AY, DH1 4AX, DH1 4RR, DH1 4BD, DH1 4BE, DH1 4UF, DH1 4RE, DH1 4RN, DH1 4BW, DH1 4RW, DH1 4DQ, DH1 4RP, DH1 4UE, DH1 4BB, DH1 4RT, DH1 4RU, DH1 4SE, DH1 4BA, DH1 4DA, DH1 4RX, DH1 4RS, DH1 4DF, DH1 5YN, DH1 4TD, DH1 4HA, DH1 4GZ, DH1 4EW, DH1 4GY, DH1 3AH, DH1 3JU, DH1 3HP, DH1 4DG, DH1 4DE, DH1 4ES, DH1 4EX, DH1 4DD, DH1 4EU, DH1 4DH, DH1 5PQ, DH1 5PF, DH1 5PG, DH1 5PH, DH1 5QP, DH1 5NE, DH1 5AN, DH1 5UJ, DH1 5UH, DH1 5UE, DH1 5PE","DH11, DH13, DH14, DH15, DH34, DH46",427344,542985,0.647125363,0.011294949,Urban,0.013,Urban,Low,Low,Very low,Very low,Very low,,,,,,0,0,0.3,0,0,0,0,0,0.3,0,0,3.663641298,0,0,1,0,0,2.24909239,,,Significant
1134,SEDGEFIELD STOCKTON ROAD,North East,8.14308E+11,Pole Mounted,25,Not Applicable,6,Distribution,Yes,20,0.4,Redacted,FISHBURN,TS21 3HA,TS21 3HA,Not Applicable,436505,528219,0.644485295,0.011248865,Suburban,0.013,Urban,,,,,,Low,Low,Very low,Very low,Very low,0,0,0,0,0,0.3,0,0,0.3,0,0,3.656159774,0,0,1,0,0,2.246847932,,,Significant
3987,WALDRIDGE BURNSIDE,North East,3.33476E+11,Ground Mounted,315,Not Applicable,198,Distribution,Yes,11,0.4,275,HIGH FLATTS,DH2 2UJ,"DH2 2XP, DH2 2UJ, DH2 2NQ, DH2 2UH, DH2 2UL, DH2 2NY",Not Applicable,425896,551056,0.629873335,0.010993806,Suburban,0.013,Urban,,,,,,Very low,Very low,Very low,Very low,Very low,0,0,0,0,0,0,0,0,0,0,0,0,0,0,0,0,0,0,,,
2824,MEADOWFIELD ST JOHNS,North East,1.15295E+11,Ground Mounted,1250,Not Applicable,≤5,Distribution,Yes,11,0.4,Redacted,MEADOWFIELD,DH7 8XL,Redacted,Not Applicable,425201,539243,0.628335893,0.01096697,Urban,0.013,Urban,,,,,,Low,Low,Very low,Very low,Very low,0,0,0,0,0,0.3,0,0,0.3,0,0,3.610057682,0,0,1,0,0,2.233017305,,,Significant
463,HEDGEHOLME,North East,9.58496E+11,Pole Mounted,25,Not Applicable,≤5,Distribution,Unknown,20,0.4,Redacted,SKERNESIDE,DL2 3RS,Redacted,Not Applicable,414511,516430,0.605624437,0.010570534,Improved grassland,0.04,Pasture/Arable,,,,,,Very low,Very low,Very low,Very low,Very low,0,0,0,0,0,0,0,0,0,0,0,0,0,0,0,0,0,0,,,
1303,AYCLIFFE DURHAM,North East,8.36732E+11,Ground Mounted,1000,Not Applicable,≤5,Distribution,Yes,11,0.4,Redacted,HEIGHINGTON,DL5 6XN,Redacted,Not Applicable,427797,522959,0.604987562,0.010559417,Urban,0.013,Urban,,,,,,Low,Very low,Very low,Very low,Very low,0,0,0,0,0,0.2,0,0,0.2,0,0,2.703314799,0,0,0,0,0,0.64066296,,,Low
1620,WILLINGTON SCHOOL,North East,2.31038E+11,Ground Mounted,315,Not Applicable,7,Distribution,Yes,20,0.4,382.5,TORONTO 66/20KV,DL15 0QF,"DL15 0QH, DL15 0QF",Not Applicable,420106,534650,0.601642728,0.010501032,Urban,0.013,Urban,,,,,,Low,,,,,0,0,0,0,0,0.2,0,0,0.2,0,0,2.695830893,0,0,0,0,0,0.639166179,,,Low
1145,SHILDON RADIATORS,North East,8.97529E+11,Ground Mounted,1600,Not Applicable,≤5,Distribution,Unknown,11,0.4,Redacted,FYLANDS BRIDGE,DL4 2QN,Redacted,Not Applicable,423234,525629,0.601274908,0.010494612,Urban,0.013,Urban,,,,,,Medium,Very low,Very low,Very low,Very low,0,0,0,0,0.2,0.2,0,0.2,0.2,0,2.695006645,2.695006645,0,0,0,0,0.639001329,0.639001329,,Low,Low
1054,SWAN CARR PUMPS,North East,6.32466E+11,Pole Mounted,100,Not Applicable,≤5,Distribution,Unknown,20,0.4,Redacted,SKERNESIDE,DL5 6JQ,Redacted,Not Applicable,431127,525407,0.599666953,0.010466545,Improved grassland,0.04,Pasture/Arable,High,High,High,High,Medium,,,,,,0.9,1.2,1.2,0,0,0,0.9,1.2,1.2,2.384167073,2.888212724,2.888212724,0.5,0.5,0.5,3.095750366,4.565855268,4.565855268,Extreme,Extreme,Extreme
2738,WHEATLEY HILL NORTH,North East,2.48912E+11,Pole Mounted,100,Not Applicable,31,Distribution,No,20,0.4,32.8,STONEY CUT,DH6 3QN,"DH6 3QL, DH6 3QN",Not Applicable,438549,539621,0.585787416,0.010224275,Suburban,0.013,Urban,,,,,,Very low,Very low,Very low,Very low,Very low,0,0,0,0,0,0,0,0,0,0,0,0,0,0,0,0,0,0,,,
3235,DURHAM GATE 20,North East,3.68013E+11,Ground Mounted,1000,Not Applicable,≤5,Distribution,Yes,20,0.4,Redacted,SPENNYMOOR 66/20KV,DL16 6GF,Redacted,Not Applicable,427850,534525,0.58494848,0.010209632,Suburban,0.013,Urban,,,,,,Low,Very low,Very low,Very low,Very low,0,0,0,0,0,0.2,0,0,0.2,0,0,2.658163447,0,0,0,0,0,0.631632689,,,Low
1036,NEWTON AYCLIFFE GARBURN,North East,7.97957E+11,Ground Mounted,500,Not Applicable,233,Distribution,Yes,11,0.4,287.5,AYCLIFFE INDUSTRIAL,DL5 7DE,"DL5 7DE, DL5 7DQ, DL5 7ED, DL5 7DG, DL5 7PE, DL5 7AN, DL5 7DD, DL5 7DJ, DL5 7DF",Not Applicable,426674,525218,0.574896991,0.010034182,Suburban,0.013,Urban,,,,,,Very low,Very low,Very low,Very low,Very low,0,0,0,0,0,0,0,0,0,0,0,0,0,0,0,0,0,0,,,
571,WEST SHAW,North East,4.25894E+11,Pole Mounted,25,Not Applicable,≤5,Distribution,Unknown,20,0.4,Redacted,HARMIRE BRIDGE,DL12 8UP,Redacted,Not Applicable,408190,515501,0.573844492,0.010015811,Arable and horticulture,0.03,Pasture/Arable,,,,,,Medium,Very low,Very low,Very low,Very low,0,0,0,0,0.2,0.2,0,0.2,0.2,0,1.140884805,1.140884805,0,0,0,0,0.328176961,0.328176961,,Low,Low
729,BOWES CHIMNEYS,North East,5.11159E+11,Pole Mounted,50,Not Applicable,≤5,Distribution,No,20,0.4,Redacted,HARMIRE BRIDGE,DL12 9SW,Redacted,Not Applicable,402843,513712,0.573357105,0.010007303,Suburban,0.013,Urban,,,,,,Very low,Very low,Very low,Very low,Very low,0,0,0,0,0,0,0,0,0,0,0,0,0,0,0,0,0,0,,,
845,EAST GREYSTONES,North East,1.17643E+11,Pole Mounted,50,Not Applicable,≤5,Distribution,No,20,0.4,Redacted,SKERNESIDE,DL2 3BL,Redacted,Not Applicable,418949,516597,0.567611217,0.009907009,Improved grassland,0.04,Pasture/Arable,,,,,,High,Medium,Very low,Very low,Very low,0,0,0,0.2,0.3,0.3,0.2,0.3,0.3,0.851003367,1.115129875,1.115129875,0,0,0,0.270200673,0.484538963,0.484538963,Low,Low,Low
1673,DERWENT GRANGE,North East,9.0024E+11,Pole Mounted,25,Not Applicable,≤5,Distribution,Unknown,20,0.4,Redacted,CONSETT,DH8 9BN,Redacted,Not Applicable,406701,549295,0.567217946,0.009900144,Improved grassland,0.04,Pasture/Arable,,,,,,Very low,Very low,Very low,Very low,Very low,0,0,0,0,0,0,0,0,0,0,0,0,0,0,0,0,0,0,,,
3343,ALDIN GRANGE SEWAGE,North East,9.64195E+11,Pole Mounted,200,Not Applicable,≤5,Distribution,Yes,20,0.4,Redacted,POTTER HOUSE T1 T3,DH1 4TH,Redacted,Not Applicable,424979,543184,0.55499506,0.009686794,Improved grassland,0.04,Pasture/Arable,Medium,Medium,Low,Very low,Very low,,,,,,0,0.3,0.6,0,0,0,0,0.3,0.6,0,1.102666582,1.750374092,0,0,0,0,0.480799974,1.350224455,,Low,Significant
1328,SOUTH CHURCH,North East,7.69142E+11,Ground Mounted,500,Not Applicable,167,Distribution,Yes,11,0.4,164,FYLANDS BRIDGE,DL14 6SL,"DL14 6RY, DL14 6SW, DL14 6SG, DL14 6XY, DL14 6RU, DL14 6ZG, DL14 6SF, DL14 6SQ, DL14 6FT, DL14 6SR, DL14 6SU, DL14 6ST, DL14 6SS, DL14 6TE, DL14 6TF, DL14 6SP, DL14 6SL",Not Applicable,421824,528298,0.551698446,0.009629252,Suburban,0.013,Urban,Low,Low,Very low,Very low,Very low,,,,,,0,0,0.3,0,0,0,0,0,0.3,0,0,3.382728115,0,0,1,0,0,2.164818434,,,Significant
1015,SHILDON MAGNECO,North East,61773601370,Ground Mounted,1000,Not Applicable,≤5,Distribution,Yes,11,0.4,Redacted,FYLANDS BRIDGE,DL4 1HG,Redacted,Not Applicable,422429,525593,0.54688704,0.009545269,Suburban,0.013,Urban,,,,,,Very low,Very low,Very low,Very low,Very low,0,0,0,0,0,0,0,0,0,0,0,0,0,0,0,0,0,0,,,
3655,Tanfield,North East,18571436615,Ground Mounted,,32,11841,Primary,Yes,66,11,11551.999855041495,Annfield,DH9  9DB,"DH9 9XF, DH9 9QX, DH9 9XW, DH9 9UU, DH9 9XB, DH9 7LJ, DH9 9XH, NE16 6NA, NE16 6ND, NE16 6NQ, NE16 6NN, NE16 6NB, NE16 6NJ, NE16 6LY, NE16 6NF, NE16 6LN, NE16 6PT, NE16 6NL, NE16 6PQ, NE16 6NG, NE16 6NE, NE16 6LZ, NE16 6LX, NE16 6NH, NE16 6NW, DH9 0EL, DH9 0LA, DH9 0EH, DH9 8RG, DH9 0JL, DH9 8RB, DH9 8RA, DH9 0LF, DH9 8RJ, DH9 0JY, DH9 0EQ, DH9 7TP, DH9 8RE, DH9 0JX, DH9 0LG, DH9 0EN, DH9 0ER, DH9 0EJ, DH9 0LB, DH9 0LE, DH9 0ET, DH9 0EU, DH9 0EG, DH9 0DZ, DH9 0EP, DH9 8RL, DH9 0JU, DH9 8RF, DH9 0EW, DH9 0ES, DH9 0JZ, DH9 0EE, DH9 0EF, DH9 9PT, DH9 9PU, DH9 9PR, DH9 9PP, DH9 9PS, DH9 9NH, DH9 8AY, DH9 8AS, DH9 8BE, DH9 9NQ, DH9 8AX, DH9 8BG, DH9 0UF, DH9 0UZ, DH9 0UN, DH9 0UJ, DH9 9JQ, DH9 9BG, DH9 9JG, DH9 9BH, DH9 9BQ, DH9 7NU, DH9 6HJ, DH9 6AH, DH9 6PT, DH9 6PL, DH9 7EF, DH9 6PX, DH9 6PD, DH9 6PZ, DH9 6NB, DH9 6PY, DH9 7NJ, DH9 8HY, DH9 6HH, DH9 6ND, DH9 7NP, DH9 6PN, DH9 7AZ, DH9 0JP, DH9 8AR, DH9 0PS, DH9 8BQ, DH9 8BH, DH9 8AP, DH9 8BW, DH9 8BN, DH9 8AW, DH9 8AN, DH9 9LS, DH9 9LT, DH9 9NP, DH9 9NR, DH9 9LU, DH9 9UY, NE16 6AG, NE16 6QW, NE16 6AT, DH9 9UA, NE16 6HW, NE16 6PU, NE16 6QJ, NE16 6JQ, NE16 6HP, NE16 6JH, NE16 6QG, NE16 6QL, NE16 6HN, NE16 6JJ, NE16 6QF, NE16 6QB, NE16 6QH, NE16 6QQ, NE16 6NP, NE16 6DN, NE16 6DR, NE16 6ED, NE16 6DS, NE16 6DZ, NE16 6DL, NE16 6DW, NE16 6DU, NE16 6DT, NE16 6DY, NE16 6DX, NE16 6BZ, NE16 6BF, NE16 6PH, NE16 6LU, NE16 6DP, DH9 9XL, DH9 9PD, DH9 9XU, DH9 9NS, DH9 9UN, DH9 9PG, DH9 9PF, DH9 9UT, DH9 9UH, DH9 9XR, DH9 9NE, DH9 9UW, DH9 9PH, DH9 9PE, DH9 9UR, DH9 9UJ, DH9 9PQ, DH9 9QS, DH9 9QT, DH9 9XA, NE16 6BD, NE16 6LP, NE16 6LW, NE16 6LR, DH9 9QN, DH9 9QL, DH9 6TF, DH9 6TA, DH9 6TD, DH9 6HL, DH9 6TG, DH9 6TE, NE16 6HD, NE16 6HA, NE16 6HQ, NE16 6AH, NE15 8QH, NE16 6JD, NE16 6HU, NE16 6HB, NE16 6AJ, NE16 6HF, NE16 6JB, NE16 6JE, NE16 6HY, NE16 6HT, NE13 7JX, NE16 6HX, NE16 6HZ, NE16 6JA, NE16 6HL, NE16 6HJ, NE16 6HS, NE16 6LL, NE16 6AN, NE16 6HR, DH9 7EU, DH9 7EB, DH9 7EE, DH9 7ER, DH9 7AP, DH9 7EW, DH9 7HL, DH9 7EX, DH9 7EZ, DH9 7HN, DH9 7ET, DH9 7EA, NE16 6AS, NE16 6AF, DL13 1DJ, NE39 1NP, DH9 7XW, DH9 6TX, DH9 0TH, DH9 7HH, DH9 6XQ, DH9 6XH, DH9 6XF, DH9 6QZ, DH9 6XB, DH9 6XL, DH9 6QR, DH9 6QP, DH9 6YT, DH9 6YS, DH9 6XG, DH9 6XJ, DH9 6XE, DH9 6XD, DH9 0TW, DH9 0JG, DH9 8AL, DH9 0NP, DH9 0HT, DH9 0LT, DH9 0JQ, DH9 0QU, DH9 0DR, DH9 8AQ, DH9 0BJ, DH9 0JH, DH9 0BL, DH9 8AF, DH9 0JE, DH9 0DU, DH9 0ST, DH9 0AB, DH9 9UB, DH9 9TY, DH9 9RR, DH9 9UE, DH9 9QY, DH9 9RZ, DH9 9TR, DH9 9RP, DH9 9RL, DH9 9QZ, DH9 9TQ, DH9 9RQ, DH9 7SY, DH9 6BQ, DH9 9RF, DH9 9RJ, DH9 9RW, DH9 9TU, DH9 9PJ, DH9 9TS, DH9 9TH, DH9 9TT, DH9 9TP, DH9 9RE, DH9 9RG, DH9 9TL, DH9 9RH, DH9 9TJ, DH9 9RN, DH9 9TF, DH9 7JJ, DH9 9SF, DH9 9NU, DH9 9TA, DH9 9RS, DH9 9TN, DH9 9TE, NE16 6EB, NE16 6EA, DH9 7AD, DH9 7AF, DH9 7QD, DH9 7AB, DH9 7BN, DH9 0EX, DH9 0HA, DH9 0EY, DH9 0HE, DH9 0EZ, DH9 0HD, DH9 0HN, DH9 0HB, NE16 5DX, DH9 6QY, DH9 6HN, DH9 6TQ, DH9 6QH, DH9 6QL, DH9 6QG, DH9 6QN, DH9 6QJ, DH9 6TL, DH9 6XA, DH9 6QQ, DH9 6HW, DH9 9XS, DH9 9JE, DH9 9LL, DH9 9NB, DH9 9JB, DH9 9LW, DH9 9LB, DH9 9JF, DH9 9JX, DH9 9HY, DH9 9LE, DH9 9LA, DH9 9JJ, DH9 9JY, DH9 9LP, DH9 9LR, DH9 9BL, DH9 9BJ, DH9 9JT, DH9 9JW, DH9 9JS, DH9 9JA, DH9 9JD, DH9 9HZ, DH9 6JG, DH9 6JD, DH9 6JH, DH9 6LE, DH9 6JJ, DH9 6NE, DH9 6LW, DH9 6JB, DH9 6JY, DH9 6HQ, DH9 6LN, DH9 6JX, DH9 6LP, DH9 6JR, DH9 6LL, DH9 6JU, DH9 6JP, DH9 6JL, DH9 6LA, DH9 6JF, DH9 6NG, DH9 6JS, DH9 6JW, DH9 6JQ, DH9 6LB, DH9 6JE, DH9 6JN, DH9 6LF, DH9 6JA, DH9 6LD, DH9 6JZ, DH9 6JT, DH9 9NX, DH9 8BA, DH9 8BB, DH9 8AT, DH9 8BD, DH9 8AZ, DH9 8AU, NE16 6BW, NE16 6HH, NE16 6BN, NE16 6HG, NE16 6BU, NE16 6BP, NE16 6BL, NE16 6BT, NE16 6AQ, NE16 6BS, NE16 6BX, NE16 6PX, NE16 6BY, NE16 6PY, DH9 9UF, NE16 6BH, DH9 6TP, DH9 6TN, DH9 6TU, DH9 6QD, DH9 6TR, DH9 6TT, DH9 6TB, DH9 6TW, DH9 6TS, NE16 6AL, NE16 6ET, NE16 6BB, NE15 8SX, NE16 6EE, DH9 6QT, DH9 6SZ, DH9 6QX, DH9 6QU, DH9 6QW, DH9 6NJ, DH9 6NR, DH9 7PD, DH9 7NG, DH9 7ND, DH9 7PN, DH9 6NH, DH9 6NX, DH9 6PA, DH9 6LJ, DH9 7NQ, DH9 6NQ, DH9 7NB, DH9 7PE, DH9 7NE, DH9 6AA, DH9 6QA, DH9 7PF, DH9 8AA, DH9 6LG, DH9 6LH, DH9 6LQ, DH9 7NF, DH9 7NA, DH9 7BA, DH9 0AQ, DH9 0TA, DH9 8AD, DH9 0TY, DH9 8AG, DH9 0TB, DH9 0SZ, DH9 0HX, DH9 0SX, DH9 8BJ, DH9 0XG, DH9 9LY, DH9 8AE, DH9 0HU, DH9 0SU, DH9 8AH, DH9 0NS, DH9 0SY, DH9 8BF, DH2 1AG, DH9 0GX, DH9 0NQ, DH9 0NH, DH9 0AD, DH9 6YX, DH9 6YU, NE16 6QE, NE16 6PZ, NE16 6QA, NE16 6PJ, NE16 6ES, NE16 6QD, NE16 6QN, DH9 9NJ, DH9 9NA, DH9 9NG, DH9 9NF, DH9 9NL, DH9 9LZ, DH9 9UL, DH9 9DB, DH9 9QE, DH9 9RA, DH9 9TD, TS29 6PA, DH9 9TW, DH9 6NF, DH9 9SJ, DH9 9RU, DH9 9SD, DH9 9SA, DH9 9SL, DH9 9SB, DH9 9FA, DH9 9RX, DH9 8HU, DH9 7XA, DH9 9RT, DH9 8NL, DH9 8NY, DH9 8NG, NE39 1NB, NE16 6JU, NE16 6JT, NE16 6JZ, NE16 6LS, NE16 6JY, NE16 6JX, DH9 7PA, DH9 7PX, DH9 7PW, DH9 7PT, DH9 7PH, DH9 7PP, DH9 7PS, DH9 7PG, DH9 7BX, DH9 7PQ, DH9 7PJ, DH9 7PR, DH9 7PU, DH9 7PL, DH9 0XP, DH9 0UE, DH9 0UB, DH9 0TU, DH9 0XF, DH9 0UA, DH9 0XR, DH9 0TL, DH9 0UG, DH9 0UX, DH9 0TZ, DH9 0XA, DH9 0UP, DH9 0XB, DH9 0UR, DH9 0UU, DH9 0UD, DH9 0UT, DH9 0UW, DH9 0LR, DH9 9QB, DH9 7AA, DH9 7RN, DH9 7RL, DH9 7QB, DH9 0AG, DH9 0TE, DH9 0NA, DH9 0ND, DL13 2, DH9 6HS, DH9 6HU, DH9 6HT, DH9 6HY, DH9 6HZ, DH9 6HP, DH9 6HX, DH9 6HR, DH9 7RU, DH9 9PX, DH9 9QD, DH9 9QW, DH9 9PZ, DH9 9QA, DH9 9QP, DH9 9PY, DH9 9SH, DH9 9SQ, DH9 9SG, DH9 9PN, DH9 9PW, DH9 9TB, DH9 6XZ, DH9 6BX, DH9 6BU, DH9 9JZ, DH9 9HX, DH9 9JU, DH9 0PT, DH9 0XD, DH9 0QD, DH9 0PX, DH9 0PP, DH9 0TJ, DH9 0TN, DH9 0TF, DH9 0QG, DH9 0DQ, DH9 0TR, DH9 7DJ, DH9 7BW, DH9 7DH, DH9 7DF, DH9 7DQ, DH9 7DL, DH9 7DB, DH9 7DD, DH9 7BP, DH9 7DW, DH9 7NR, DH9 7DE, DH9 7DA, DH9 7NW, DH9 7NL, DH9 7NN, DH9 7DG, DH9 7NT, DH9 7DN, DH9 7NS, DH9 0NB, DH9 8RD, DH9 8US, DH9 0HH, DH9 0HG, DH9 0LQ, DH9 8RN, DH9 0LZ, DH9 0LL, DH9 0HL, DH9 0LN, DH9 8RH, DH9 0LW, DH9 0LH, DH9 0HJ, DH9 0HF, DH9 0LJ, DH9 0HQ, DH9 0HR, DH9 8RQ, DH9 0LP, DH9 6TY, DH9 6UB, DH9 6UA, DH9 6UE, DH9 6UD, DH9 6TZ, DH9 6, DH9 6UG, DH9 6HD, NE39 1QE, NE39 1NN, NE39 1NL, NE16 6AR, DH9 9, DH9 9JP, NE16 6AZ, DH9 9XN, NE16 6BA, DH9 9PA, DH9 9NW, DH9 9NT, DH9 9NN, DH9 9PB, DH9 9LX, DH9 0PH, DH9 0NX, DH9 0AF, DH9 0NT, DH9 0PG, DH9 0DF, DH9 0PL, DH9 0PQ, DH9 0DJ, DH9 0PJ, DH9 0AE, DH9 0PA, NE16 6NR, NE16 6NS, NE16 6AU, DH9 7EY, DH9 7ES, DH9 7FB, DH9 7HB, DH9 7HD, DH9 7HQ, DH9 7HA, DH9 7HP, DH9 7HF, DH9 7HG, DH9 7HE, DH9 7HJ, NE16 6AY, NE16 6EL, NE16 6EN, NE16 6ER, NE16 6AX, NE16 6EW, NE16 6EP, NE16 6LQ, NE16 6JL, NE16 6LD, NE16 6AW, NE16 6JR, NE16 6LH, NE16 6JN, NE16 6LJ, NE16 6LB, NE16 6AP, NE16 6JP, NE16 6JS, NE16 6DA, NE16 6LG, NE16 6JF, NE16 6LF, NE16 6JW, NE16 6LE, DH9 6NN, DH9 6PB, DH9 6PQ, DH9 6NS, DH9 6LR, DH9 6PE, DH9 6LS, DH9 6DF, DH9 6PJ, DH9 6PF, DH9 6NT, DH9 6NU, DH9 6NW, DH9 6PH, DH9 6NP, DH9 6PG, DH9 0PE, DH9 0PU, DH9 0DY, DH9 0ED, DH9 0EB, DH9 0PN, DH9 0DX, DH9 0EA, DH9 0PB, DH9 0PD, DH9 0PF","DH90, DH96, DH97, DH98, DH99, NE166",419230,554621,0.544952333,0.009511499,Urban,0.013,Urban,Medium,Medium,Low,Very low,Very low,High,High,Very low,Very low,Very low,0,0.3,0.6,0.3,0.3,0.3,0.3,0.3,0.6,3.361981408,3.361981408,5.336812824,1,1,1,2.158594422,2.158594422,4.502087694,Significant,Significant,Extreme
2223,HARGILL ROAD,North East,3.99616E+11,Ground Mounted,500,Not Applicable,151,Distribution,Yes,20,0.4,60.4,TORONTO 66/20KV,DL15 8HL,"DL15 8HJ, DL15 8HH, DL15 8RB, DL15 8FE, DL15 8HL, DL15 8HN, DL15 8EX, DL15 8HS, DL15 8EU, DL15 8HQ",Not Applicable,416072,533434,0.534717977,0.00933286,Suburban,0.013,Urban,,,,,,Medium,Low,Very low,Very low,Very low,0,0,0,0,0.2,0.3,0,0.2,0.3,0,2.541464371,3.330260439,0,0,1,0,0.608292874,2.149078132,,Low,Significant
3657,VILLA REAL AEROSPACE,North East,9.31808E+11,Ground Mounted,1000,Not Applicable,≤5,Distribution,Yes,20,0.4,Redacted,CONSETT,DH8 6SR,Redacted,Not Applicable,411237,552265,0.529061019,0.009234119,Urban,0.013,Urban,,,,,,Low,Low,Very low,Very low,Very low,0,0,0,0,0,0.3,0,0,0.3,0,0,3.312596627,0,0,1,0,0,2.143778988,,,Significant
2782,HOPPER TERRACE,North East,1.21768E+11,Ground Mounted,315,Not Applicable,210,Distribution,Yes,20,0.4,261.9,HAWTHORN PIT,DH6 2HL,"DH6 2HJ, DH6 2HG, DH6 2HL, DH6 2HH, DH6 2HQ, DH6 2HY, DH6 2HT, DH6 2HX",Not Applicable,439266,540594,0.507069767,0.008850268,Suburban,0.013,Urban,,,,,,Medium,Medium,Very low,Very low,Very low,0,0,0,0,0.3,0.3,0,0.3,0.3,0,3.243015535,3.243015535,0,1,1,0,2.122904661,2.122904661,,Significant,Significant
2126,LANGLEY PARK WEST,North East,3.70378E+11,Ground Mounted,500,Not Applicable,351,Distribution,Yes,20,0.4,193.5,POTTER HOUSE T1 T3,DH7 9UN,"DH7 9UN, DH7 9UH, DH7 9UE, DH7 9UT, DH7 9UP, DH7 9UQ, DH7 9UW, DH7 9UR, DH7 9UF, DH7 9UJ, DH7 9UL, DH7 9FF, DH7 9UG, DH7 0BG, DH7 9UD",Not Applicable,420474,545014,0.504172027,0.008799689,Suburban,0.013,Urban,,,,,,High,High,High,Low,Very low,0,0,0,0.6,0.6,0.9,0.6,0.6,0.9,5.133234954,5.133234954,6.726440665,1,1,1,4.379940972,4.379940972,7.503796598,Extreme,Extreme,Extreme
3696,DIPTON SOUTH,North East,6.40793E+11,Ground Mounted,500,Not Applicable,110,Distribution,Yes,11,0.4,75.8,ANNFIELD 66/20KV,DH9 9ET,"DH9 9AP, DH9 9AR, DH9 9ET",Not Applicable,415304,553418,0.503009498,0.008779397,Urban,0.013,Urban,,,,,,Very low,Very low,Very low,Very low,Very low,0,0,0,0,0,0,0,0,0,0,0,0,0,0,0,0,0,0,,,
1096,AYCLIFFE MILES,North East,7.91341E+11,Ground Mounted,1000,Not Applicable,≤5,Distribution,Yes,11,0.4,Redacted,HEIGHINGTON,DL5 6SQ,Redacted,Not Applicable,427860,522682,0.492213845,0.008590964,Suburban,0.013,Urban,,,,,,Low,Low,Very low,Very low,Very low,0,0,0,0,0,0.3,0,0,0.3,0,0,3.195153713,0,0,1,0,0,2.108546114,,,Significant
264,HAYBERRIES,North East,4.59296E+11,Pole Mounted,50,Not Applicable,≤5,Distribution,Unknown,20,0.4,Redacted,HARMIRE BRIDGE,DL12 0LP,Redacted,Not Applicable,398660,522977,0.489369303,0.008541313,Improved grassland,0.04,Pasture/Arable,,,,,,Very low,Very low,Very low,Very low,Very low,0,0,0,0,0,0,0,0,0,0,0,0,0,0,0,0,0,0,,,
1326,COUNDON GRANGE,North East,9.85571E+11,Ground Mounted,500,Not Applicable,262,Distribution,Yes,11,0.4,171.6,FYLANDS BRIDGE,DL14 8TP,"DL14 9, DL14 8UE, DL14 8TL, DL14 8UL, DL14 8TN, DL14 8UQ, DL14 8UB, DL14 8UA, DL14 8UJ, DL14 8UH, DL14 8TR, DL14 8DY, DL14 8XQ, DL14 8XE, DL14 8TW, DL14 8TT, DL14 8TJ, DL14 8XF, DL14 8TP",Not Applicable,422875,527924,0.486821443,0.008496842,Suburban,0.013,Urban,Low,Low,Very low,Very low,Very low,,,,,,0,0,0.3,0,0,0,0,0,0.3,0,0,3.177602558,0,0,1,0,0,2.103280768,,,Significant
1242,WEST RICKNALL,North East,8.72471E+11,Pole Mounted,50,Not Applicable,≤5,Distribution,Unknown,20,0.4,Redacted,SKERNESIDE,DL5 6JQ,Redacted,Not Applicable,428820,524076,0.476890862,0.008323508,Arable and horticulture,0.03,Pasture/Arable,,,,,,Very low,Very low,Very low,Very low,Very low,0,0,0,0,0,0,0,0,0,0,0,0,0,0,0,0,0,0,,,
606,STAINTON QUARRY,North East,7.39135E+11,Ground Mounted,315,Not Applicable,≤5,Distribution,Yes,20,0.4,Redacted,HARMIRE BRIDGE,DL12 8RB,Redacted,Not Applicable,406902,518799,0.476771384,0.008321423,Urban,0.013,Urban,,,,,,Low,Low,Very low,Very low,Very low,0,0,0,0,0,0.3,0,0,0.3,0,0,3.144630368,0,0,1,0,0,2.09338911,,,Significant
2573,BELMONT MANDALE SOUTH,North East,9.97651E+11,Ground Mounted,1000,Not Applicable,17,Distribution,Yes,11,0.4,101.2,BELMONT,DH1 1TH,DH1 1TH,Not Applicable,430005,543964,0.465752065,0.008129086,Urban,0.013,Urban,,,,,,Very low,Very low,Very low,Very low,Very low,0,0,0,0,0,0,0,0,0,0,0,0,0,0,0,0,0,0,,,
3467,SHELL HAWTHORN,North East,51928922710,Ground Mounted,200,Not Applicable,≤5,Distribution,Yes,20,0.4,Redacted,STONEY CUT,SR7 8SS,Redacted,Not Applicable,441320,545599,0.465018302,0.008116279,Improved grassland,0.04,Pasture/Arable,,,,,,High,High,Very low,Very low,Very low,0,0,0,0.3,0.3,0.3,0.3,0.3,0.3,1.009328772,1.009328772,1.009328772,0,0,0,0.452798632,0.452798632,0.452798632,Low,Low,Low
3931,BEAMISH HALL,North East,1.83647E+11,Ground Mounted,300,Not Applicable,10,Distribution,Yes,20,0.4,252.1,ANNFIELD 66/20KV,DH9 0YB,"DH9 0RQ, DH9 0RG, DH9 0YB",Not Applicable,421180,554891,0.460069031,0.008029892,Urban,0.013,Urban,,,,,,Low,Very low,Very low,Very low,Very low,0,0,0,0,0,0.2,0,0,0.2,0,0,2.357390318,0,0,0,0,0,0.571478064,,,Low
391,DURHAM BOX,North East,3.59372E+11,Ground Mounted,1000,Not Applicable,≤5,Distribution,Yes,11,0.4,Redacted,FYLANDS BRIDGE,DL14 9AZ,Redacted,Not Applicable,419387,526828,0.45239988,0.007896032,Urban,0.013,Urban,,,,,,Low,Very low,Very low,Very low,Very low,0,0,0,0,0,0.2,0,0,0.2,0,0,2.337658579,0,0,0,0,0,0.567531716,,,Low
461,HEADLAM SEWAGE,North East,9.84719E+11,Pole Mounted,100,Not Applicable,≤5,Distribution,Unknown,20,0.4,Redacted,SKERNESIDE,DL2 3HA,Redacted,Not Applicable,417888,518813,0.447725862,0.00781445,Broadleaved woodland,0.1,Woodland,Very low,Very low,Very low,Very low,Very low,,,,,,0,0,0,0,0,0,0,0,0,0,0,0,0,0,0,0,0,0,,,
3276,FRAMWELLGATE MOOR WEST,North East,3.80062E+11,Ground Mounted,500,Not Applicable,52,Distribution,Yes,20,0.4,362.5,POTTER HOUSE T1 T3,DH1 5FQ,DH1 5FQ,Not Applicable,426362,544409,0.440876603,0.0076949,Suburban,0.013,Urban,,,,,,Low,Very low,Very low,Very low,Very low,0,0,0,0,0,0.2,0,0,0.2,0,0,2.307693572,0,0,0,0,0,0.561538714,,,Low
3593,HORDEN TRADING,North East,3.0547E+11,Ground Mounted,500,Not Applicable,15,Distribution,Yes,11,0.4,162.5,SHOTTON,SR8 4TQ,"SR8 4, SR8 4TQ, SR8 4TE",Not Applicable,444022,542004,0.440109104,0.007681504,Suburban,0.013,Urban,,,,,,Very low,Very low,Very low,Very low,Very low,0,0,0,0,0,0,0,0,0,0,0,0,0,0,0,0,0,0,,,
3043,CHILTON BUILDINGS SOUTH,North East,6.98976E+11,Ground Mounted,800,Not Applicable,312,Distribution,Yes,20,0.4,207.8,SKERNESIDE,DL17 0QS,"DL17 0QU, DL17 0QY, DL17 0QW, DL17 0QP, DL17 0QN, DL17 0QX, DL17 0QL, DL17 0QR, DL17 0QS, DL17 0QT, DL17 0QZ, DL17 0RA",Not Applicable,428917,529759,0.420786649,0.007344245,Suburban,0.013,Urban,,,,,,High,High,Low,Very low,Very low,0,0,0,0.3,0.3,0.6,0.3,0.3,0.6,2.954230525,2.954230525,4.689548643,1,1,1,2.036269158,2.036269158,4.113729186,Significant,Significant,Extreme
2639,CORNFORTH SEWAGE WEST,North East,5.89949E+11,Pole Mounted,200,Not Applicable,≤5,Distribution,Unknown,20,0.4,Redacted,FISHBURN,DL17 9NA,Redacted,Not Applicable,430824,534700,0.41067636,0.007167777,Improved grassland,0.04,Pasture/Arable,High,High,Medium,Medium,Very low,High,High,Very low,Very low,Very low,0.3,0.9,0.9,0.3,0.3,0.3,0.3,0.9,0.9,0.94851987,1.973000837,1.973000837,0,0.5,0.5,0.434555961,2.725700754,2.725700754,Low,Extreme,Extreme
3230,DRAGONVILLE TIMBER,North East,6.74413E+11,Pole Mounted,200,Not Applicable,≤5,Distribution,Unknown,11,0.4,14.1,BELMONT,DH1 2RH,Redacted,Not Applicable,429692,543024,0.409527063,0.007147717,Urban,0.013,Urban,,,,,,Very low,Very low,Very low,Very low,Very low,0,0,0,0,0,0,0,0,0,0,0,0,0,0,0,0,0,0,,,
2386,PETERLEE NORTH WEST 30,North East,15961806685,Ground Mounted,500,Not Applicable,≤5,Distribution,Yes,11,0.4,Redacted,PETERLEE INDUSTRIAL,SR8 2JQ,Redacted,Not Applicable,440926,542107,0.401094794,0.007000539,Urban,0.013,Urban,,,,,,Very low,Very low,Very low,Very low,Very low,0,0,0,0,0,0,0,0,0,0,0,0,0,0,0,0,0,0,,,
1351,Eastgate Cement,North East,9.03313E+11,Ground Mounted,,26,3212,Primary,Yes,66,20,8246.00028991699,Toronto,DL13 2LA,"DL13 2YE, DL13 2XY, DL13 2XF, DL13 2XU, DL13 2YP, DL13 2XX, DL13 2YA, DL13 2XS, DL13 2YH, DL13 2YF, DL13 2YG, DL13 2XT, DL13 2YB, DL13 2XZ, DL13 2YD, DL13 2YJ, DL13 2XR, DL12 0EP, DL12 0UG, DL13 2QE, DL13 2LB, DL13 1NW, DL13 1PP, DL13 2EY, DL13 1DL, DL13 1RP, DL13 1QH, DL13 2EB, DL13 2ED, DL13 2EG, DL13 2DU, DL13 2DZ, DL13 2DX, DL13 2EF, DL13 2EQ, DL13 2HA, DL13 2EA, DL13 2EE, DL13 2DS, DL13 2DY, DL13 2DT, DL13 2JG, DL13 2YT, DL13 2YS, DL13 2QA, DL13 2NW, DL13 2NN, DL13 2LX, DL13 2NS, DL13 2FZ, DL13 2NT, DL13 2NX, DL13 2PA, DL13 2NU, DL13 2NR, DL13 2NP, DL13 2YL, DL13 2JY, DL13 1RQ, DL13 2EZ, DL12 0EE, DL12 0XL, DL12 0ED, DL13 2AF, DL13 2ES, DL13 1AP, DL13 1SA, DL13 1LN, DL13 1RZ, DL13 1JY, DL13 1JN, DL13 1JA, DL13 1SG, DL13 1RY, DL13 1SE, DL13 1LQ, DL13 1JT, DL13 1JL, DL13 1RX, DL13 1SN, DL13 1SH, DL13 1JZ, DL13 1JS, DL13 1JJ, DL13 1SF, DL13 1SQ, DL13 1SB, DL13 1JW, DL13 1JR, DL13 1JX, DL13 1LJ, DL13 1SD, DL13 1JP, DL13 1JU, DL13 1LH, DL13 1LG, DL13 1AF, DL13 1EZ, DL13 1HD, DL13 1HB, DL13 1JQ, DL13 1JF, DL13 1AA, DL13 1PW, DL13 2EN, DL13 2EL, DL13 2EJ, DL13 2EW, DL13 2EH, DL13 1LA, DL13 1LD, DL13 1NA, DL13 1NF, DL13 1ND, DL13 1LZ, DL13 1NJ, DL13 1NP, DL13 1NE, DL13 1NH, DL13 1NB, DL13 1PG, DL13 1ST, DL13 1NG, DL13 1NQ, DL13 2HY, DL13 2HX, DL13 2HU, DL12 0EJ, DL12 0XG, DL13 1SW, DL13 1SL, DL12 0EW, DL12 0XN, DL13 1PR, DL13 1FB, DL13 2SY, DL13 2TA, DL13 2SU, DL13 2AP, DL13 2AH, DL13 2AJ, DL13 2AQ, DL13 2AN, DL13 2AL, DL13 2AW, DL13 2AE, DL13 2XQ, DL13 2XG, DL13 2XH, DL13 2UY, DL13 2YU, DL13 2TZ, DL13 2XL, DL13 2XN, DL13 2XE, DL13 2UD, DL13 2XW, DL13 2QS, DL13 2XP, DL13 2UB, DL13 2XJ, DL13 2UE, DL13 2SG, DL13 1SR, DL13 2DA, DL13 2DD, DL13 2DB, DL13 1LF, DL13 1AJ, DL13 1HN, DL13 1HJ, DL13 1HW, DL13 1PD, DL13 1RD, DL13 5QE, DL13 1RG, DL13 2LG, DL13 1QX, DL13 1QY, DL13 1QZ, DL13 1RB, DL13 1PE, DL12 0UF, DL13 2AB, DL13 2SN, DL13 2TD, DL13 2TQ, DL13 2TE, DL13 2RU, DL13 2SW, DL13 2SP, DL13 2QF, DL13 2QG, DL13 2QQ, DL13 2SZ, DL13 1NX, DL13 2JX, DL13 2JT, DL12 0XU, DL12 0HX, DL12 0YA, DL12 0XY, DL12 0HT, DL13 1HE, DL13 1AQ, DL13 1AN, DL13 1AL, DL13 1DF, DL13 1AW, DL13 2LJ, DL12 0XF, DL13 1RH, DL13 1AR, DL13 2PW, DL13 1DJ, DL13 2DG, DL13 2BL, DL13 2DE, DL12 0HH, DL13 1LE, DL13 1AB, DL13 1EH, DL13 1DA, DL13 1JG, DL13 1DB, DL13 1DD, DL13 1DE, DL13 1DQ, DL13 2HJ, DL13 2HW, DL13 2HN, DL13 2AA, DL13 2HP, DL13 2LA, DL12 0EF, DL12 0EG, DL12 0EB, DL12 0EA, DL12 0HL, DL13 2LL, DL13 2JP, DL12 0UJ, DL12 0UQ, DL12 0XB, DL12 0XD, DL12 0UH, DL13 2DF, DL13 1SP, DL13 1RF, DL13 2QY, DL13 2RJ, DL13 2QW, DL13 2QP, DL13 2RF, DL13 2RD, DL13 2QU, DL13 2QX, DL13 5DQ, DL13 2RN, DL13 2SF, DL13 5DS, DL13 2RL, DL13 2QR, DL13 1EN, DL13 2RH, DL13 2TY, DL13 2RG, DL13 2TL, DL13 2RQ, DL13 2QZ, DL13 2QL, DL13 2QJ, DL13 2QN, DL13 2RB, DL13 2SL, DL13 2RA, DL13 2QT, DL13 2SX, DL13 2ST, DL12 0XZ, DL12 0YB, DL12 0XX, DL13 1HF, DL13 1PF, DL13 2EX, DL13 1QT, DL13 1RL, DL13 1PU, DL13 1PT, DL12 0UE, DL12 0UD, DL13 2TH, DL13 2LN, DL13 2YX, DL13 3US, DL13 2XA, DL13 2UU, DL13 2XD, DL13 2US, DL13 2UX, DL13 2UZ, DL13 2XB, DL13 2PS, DL13 2EP, DL13 2EU, DL13 1DW, DL13 2PN, DL13 2PQ, DL13 2PP, DL13 2PU, DL13 2UT, DL13 2PT, DL13 1BD, DL13 1JD, DL13 1BP, DL13 1BW, DL13 1BN, DL13 1BE, DL13 1BG, DL13 1BQ, DL13 1JE, DL13 1BL, DL13 2LF, DL12 0HA, DL12 0HF, DL12 0HJ, DL12 0XS, DL12 0HE, DL13 1SS, DL13 1AG, DL13 1DG, DL12 0TX, DL12 0TY, DL12 0UB, DL12 0UA, DL12 0TZ, DL13 2PJ, DL13 1RR, DL13 1QU, DL13 1QJ, DL13 1QS, DL13 1QE, DL13 1QW, DL13 1QB, DL13 1QD, DL13 1QR, HG3 2PZ, DL13 1QP, DL13 1RW, DL13 1QQ, DL14 7NP, DL13 1RJ, DL13 1QG, DL13 1QN, DL13 1QF, DL13 1QL, DL13 2LZ, DL13 2NQ, DL13 2ND, DL13 2PX, DL13 2NB, DL13 2NA, DL13 2PY, DL13 2NG, DL13 2NF, DL13 2PG, DL13 2LU, DL13 2RY, DL13 2UH, DL13 2FJ, DL13 2TU, DL13 2PZ, DL13 2UA, DL13 2YZ, DL13 2UP, DL13 2UR, DL13 2UW, DL13 2NL, DL13 2LY, DL13 2UG, DL13 2UJ, DL13 2UN, DL13 2TS, DL13 2UL, DL13 2UF, DL13 2UQ, DL13 1SJ, DL13 1PY, DL13 1PZ, DL13 1QA, DL13 1DY, DL13 1EA, DL13 1HT, DL13 1DZ, DL13 1BJ, DL13 1BH, DL13 1EB, DL14 9HW, DL13 1, DL13 2SQ, DL13 2SS, DL13 2SR, DL13 1HG, DL13 1AX, DL13 1AD, DL13 1NL, DL13 1LX, DL13 1LS, DL13 1LU, DL13 1LP, DL13 1LT, DL12 0EL, DL13 1RE, DL13 2HR, DL13 2LQ, DL13 2JB, DL13 2HS, DL13 2HT, DL12 0EH, DL12 0EQ, DL13 1DN, DL12 0HB, DL12 0HD, DL13 2BB, DL13 1PS, DL13 1HS, DL12 0QX, DL13 2AG, DL12 0XE, DL13 2JE, DL13 2TG, DL13 2AU, DL13 2BG, DL13 2BD, DL13 2BJ, DL13 2AX, DL13 2BN, DL13 2BW, DL13 2HE, DL13 2BP, DL13 2BH, DL13 2AT, DL13 2AY, DL13 2AZ, DL13 2AR, DL13 2AD, DL13 2SB, DL13 2TJ, DL13 2, DL12, DL12 0XH, DL13 2YN","DH89, DL120, DL131, DL132, DL133, DL135, NE479",394936,538558,0.380264193,0.00663696,Inland rock,0.035,Pasture/Arable,,,,,,Medium,Very low,Very low,Very low,Very low,0,0,0,0,0.2,0.2,0,0.2,0.2,0,0.796043025,0.796043025,0,0,0,0,0.259208605,0.259208605,,Low,Low
835,MARWOOD HIGH,North East,2.67747E+11,Pole Mounted,25,Not Applicable,≤5,Distribution,Unknown,20,0.4,Redacted,HARMIRE BRIDGE,DL12 8SP,Redacted,Not Applicable,403246,520386,0.37345928,0.006518186,Improved grassland,0.04,Pasture/Arable,,,,,,High,Low,Very low,Very low,Very low,0,0,0,0.2,0.2,0.3,0.2,0.2,0.3,0.690276983,0.690276983,0.904518732,0,0,0,0.238055397,0.238055397,0.421355619,Low,Low,Low
2135,LOW THISTLEFLAT,North East,2.31675E+11,Ground Mounted,500,Not Applicable,73,Distribution,Yes,20,0.4,475.7,TBC,DL15 8RA,"DL15 8JL, DL15 8JH, DL15 8RA, DL15 8NA, DL15 8GA, DL15 8JJ, DL15 8JN, DL15 8JF",Not Applicable,416213,534600,0.372834682,0.006507285,Suburban,0.013,Urban,Very low,Very low,Very low,Very low,Very low,,,,,,0,0,0,0,0,0,0,0,0,0,0,0,0,0,0,0,0,0,,,
2271,CAUSEWAY,North East,7.52915E+11,Ground Mounted,500,Not Applicable,162,Distribution,Yes,20,0.4,123.4,BRANCEPETH,DL13 3BA,"DL13 3AZ, DL13 3BA, DL13 3DA, DL13 3BP, DL13 3DQ, DL13 3BL, DL13 3RL, DL13 3AX, DL13 3BB",Not Applicable,407463,537002,0.361230403,0.006304743,Suburban,0.013,Urban,,,,,,Low,Very low,Very low,Very low,Very low,0,0,0,0,0,0.2,0,0,0.2,0,0,2.088864906,0,0,0,0,0,0.517772981,,,Low
1066,GREAT ISLE,North East,61827614827,Pole Mounted,15,Not Applicable,≤5,Distribution,Unknown,20,0.4,Redacted,SKERNESIDE,DL17 0LQ,Redacted,Not Applicable,430525,526993,0.357653826,0.006242318,Arable and horticulture,0.03,Pasture/Arable,Low,Low,Very low,Very low,Very low,Low,Very low,Very low,Very low,Very low,0,0,0.3,0,0,0.2,0,0,0.3,0,0,1.180227847,0,0,0,0,0,0.504068354,,,Low
3124,WINDLESTONE PENNINE,North East,4.79874E+11,Ground Mounted,500,Not Applicable,157,Distribution,Yes,20,0.4,115.2,SKERNESIDE,DL17 0RB,"DL17 0QE, DL17 0RL, DL17 0RJ, DL17 0RB, DL17 8RB, DL17 0RG, DL17 0RQ, DL17 0RH, DL17 0RN",Not Applicable,429228,529672,0.349160612,0.006094078,Suburban,0.013,Urban,,,,,,Very low,Very low,Very low,Very low,Very low,0,0,0,0,0,0,0,0,0,0,0,0,0,0,0,0,0,0,,,
1330,STILLINGTON SHOTTON,North East,8.37521E+11,Pole Mounted,50,Not Applicable,≤5,Distribution,Unknown,20,0.4,Redacted,SKERNESIDE,TS21 3HF,Redacted,Not Applicable,436830,525315,0.347888619,0.006071876,Improved grassland,0.04,Pasture/Arable,,,,,,High,High,Low,Very low,Very low,0,0,0,0.3,0.3,0.6,0.3,0.3,0.6,0.873002809,0.873002809,1.385805578,0,0,0,0.411900843,0.411900843,1.131483347,Low,Low,Moderate
4084,BOWMONT WALK,North East,8.90055E+11,Ground Mounted,800,Not Applicable,438,Distribution,Yes,11,0.4,297,HIGH FLATTS,DH2 3JA,"DH2 3HT, DH2 3HZ, DH2 3UA, DH2 3HY, DH2 3JG, DH2 3AD, DH2 3JF, DH2 3DJ, DH2 3JW, DH2 3SP, DH2 3JD, DH2 3JQ, DH2 3JB, DH2 3JL, DH2 3JE, DH2 3SW, DH2 3JH, DH2 3JJ, DH2 3JA",Not Applicable,426187,550459,0.341015905,0.005951921,Suburban,0.013,Urban,,,,,,Very low,Very low,Very low,Very low,Very low,0,0,0,0,0,0,0,0,0,0,0,0,0,0,0,0,0,0,,,
1031,WYNYARD BRIDGE,North East,8.01215E+11,Pole Mounted,16,Not Applicable,≤5,Distribution,Unknown,20,0.4,Redacted,FISHBURN,TS22 5NW,Redacted,Not Applicable,440338,528448,0.339935035,0.005933055,Suburban,0.013,Urban,,,,,,Medium,Low,Very low,Very low,Very low,0,0,0,0,0.2,0.3,0,0.2,0.3,0,2.026356434,2.655278093,0,0,1,0,0.505271287,1.946583428,,Low,Significant
2815,MAIDEN CASTLE,North East,6.28974E+11,Ground Mounted,800,Not Applicable,≤5,Distribution,Yes,11,0.4,Redacted,BELMONT,DH1 3SE,Redacted,Not Applicable,428527,541422,0.331793517,0.005790954,Urban,0.013,Urban,High,High,High,High,High,,,,,,1.2,1.2,1.2,0,0,0,1.2,1.2,1.2,6.61027008,6.61027008,6.61027008,1,1,1,9.532324096,9.532324096,9.532324096,Extreme,Extreme,Extreme
2261,BURNHOPE NORTH SW,North East,7.22547E+11,Pole Mounted,25,Not Applicable,≤5,Distribution,Unknown,20,0.4,Redacted,TBC,DH7 0DP,Redacted,Not Applicable,418822,548486,0.331459284,0.00578512,Improved grassland,0.04,Pasture/Arable,,,,,,Very low,Very low,Very low,Very low,Very low,0,0,0,0,0,0,0,0,0,0,0,0,0,0,0,0,0,0,,,
2983,BARKERS SEWAGE,North East,1.19601E+11,Ground Mounted,1000,Not Applicable,≤5,Distribution,Yes,11,0.4,Redacted,DURHAM EAST,DH1 5TA,Redacted,Not Applicable,427693,543169,0.277844042,0.004849331,Suburban,0.013,Urban,Low,Low,Low,Very low,Very low,,,,,,0,0,0.6,0,0,0,0,0,0.6,0,0,3.810644292,0,0,1,0,0,3.586386575,,,Extreme
1083,AYCLIFFE 80,North East,5.32411E+11,Ground Mounted,1000,Not Applicable,32,Distribution,Yes,11,0.4,475,HEIGHINGTON,DL5 6AT,"DL5 6YA, DL5 6AT, DL5 6SG, DL5 6LA, DL5 6AU",Not Applicable,427861,522739,0.263829112,0.004604719,Urban,0.013,Urban,,,,,,Low,Low,Very low,Very low,Very low,0,0,0,0,0,0.3,0,0,0.3,0,0,2.339227139,0,0,1,0,0,1.851768142,,,Significant
196,BELL FARM,North East,5.59037E+11,Pole Mounted,50,Not Applicable,12,Distribution,Unknown,20,0.4,16.1,EASTGATE CEMENT,DL12 0UJ,"DL12 0UJ, DL12 0UQ, DL12 0XB, DL12 0XD, DL12 0UH",Not Applicable,392186,526583,0.263743967,0.004603233,Suburban,0.013,Urban,,,,,,Very low,Very low,Very low,Very low,Very low,0,0,0,0,0,0,0,0,0,0,0,0,0,0,0,0,0,0,,,
719,BISHOP AUCKLAND WOODHOUSE,North East,1.76259E+11,Ground Mounted,1600,Not Applicable,≤5,Distribution,Unknown,11,0.4,Redacted,FYLANDS BRIDGE,DL14 6JZ,Redacted,Not Applicable,419645,528422,0.258503497,0.004511768,Suburban,0.013,Urban,,,,,,Very low,Very low,Very low,Very low,Very low,0,0,0,0,0,0,0,0,0,0,0,0,0,0,0,0,0,0,,,
2432,DAMSON WAY,North East,2.44206E+11,Ground Mounted,1000,Not Applicable,≤5,Distribution,Yes,11,0.4,Redacted,BELMONT,DH1 2YN,Redacted,Not Applicable,430034,542636,0.248350203,0.004334556,Urban,0.013,Urban,,,,,,Low,,,,,0,0,0,0,0,0.2,0,0,0.2,0,0,1.73200423,0,0,0,0,0,0.446400846,,,Low
3183,LITTLETOWN FARM,North East,3.56363E+11,Pole Mounted,50,Not Applicable,≤5,Distribution,No,11,0.4,Redacted,BELMONT,DH6 1PU,Redacted,Not Applicable,433216,543254,0.245348394,0.004282163,Suburban,0.013,Urban,,,,,,Very low,Very low,Very low,Very low,Very low,0,0,0,0,0,0,0,0,0,0,0,0,0,0,0,0,0,0,,,
357,WYCLIFFE GLEBE,North East,1.16701E+11,Pole Mounted,50,Not Applicable,8,Distribution,Unknown,20,0.4,17.5,HARMIRE BRIDGE,DL12 9TU,DL12 9TU,Not Applicable,410366,513492,0.241054505,0.00420722,Suburban,0.013,Urban,,,,,,Very low,Very low,Very low,Very low,Very low,0,0,0,0,0,0,0,0,0,0,0,0,0,0,0,0,0,0,,,
1295,AYCLIFFE 90,North East,3.88483E+11,Ground Mounted,500,Not Applicable,11,Distribution,Yes,11,0.4,53.9,AYCLIFFE INDUSTRIAL,DL5 6BH,"DL5 6XN, DL5 6BH, DL5 6BD",Not Applicable,428104,523035,0.235397786,0.00410849,Suburban,0.013,Urban,,,,,,Low,Very low,Very low,Very low,Very low,0,0,0,0,0,0.2,0,0,0.2,0,0,1.686233594,0,0,0,0,0,0.437246719,,,Low
3445,TEIKYO RESIDENTIAL,North East,1.52158E+11,Ground Mounted,315,Not Applicable,10,Distribution,Yes,20,0.4,23.1,POTTER HOUSE T1 T3,DH1 3YD,"DH1 3LP, DH1 3YD",Not Applicable,427311,541282,0.229506329,0.004005663,Suburban,0.013,Urban,,,,,,Very low,Very low,Very low,Very low,Very low,0,0,0,0,0,0,0,0,0,0,0,0,0,0,0,0,0,0,,,
4042,URPETH,North East,3.68787E+11,Pole Mounted,200,Not Applicable,21,Distribution,No,20,0.4,Redacted,BIRTLEY GROVE 66/20KV,DH9 0SH,"DH9 0SB, DH9 0SD, DH9 0SE, DH9 0SJ, DH9 0SH, DH9 0SG",Not Applicable,423836,553719,0.210736826,0.003678068,Broadleaved woodland,0.1,Woodland,,,,,,Very low,Very low,Very low,Very low,Very low,0,0,0,0,0,0,0,0,0,0,0,0,0,0,0,0,0,0,,,
3330,RAVENSWORTH COURT,North East,1.31119E+11,Ground Mounted,750,Not Applicable,182,Distribution,Yes,20,0.4,184.3,HAWTHORN PIT,DH6 2UX,"DH6 2UG, DH6 2US, DH6 2UY, DH6 2UX, DH6 2GA, DH6 2UQ, DH6 2UA, DH6 2UB, DH6 2UU, DH6 2UE, DH6 2UD",Not Applicable,437732,545505,0.210126445,0.003667415,Suburban,0.013,Urban,,,,,,High,Low,Very low,Very low,Very low,0,0,0,0.2,0.2,0.3,0.2,0.2,0.3,1.593149965,1.593149965,2.08761703,0,0,1,0.418629993,0.418629993,1.776285109,Low,Low,Significant
856,GAINFORD BLAKELY,North East,3.07304E+11,Pole Mounted,15,Not Applicable,≤5,Distribution,Unknown,20,0.4,Redacted,SKERNESIDE,DL2 3EZ,Redacted,Not Applicable,419352,517549,0.208830878,0.003644803,Suburban,0.013,Urban,,,,,,Low,,,,,0,0,0,0,0,0.2,0,0,0.2,0,0,1.588230923,0,0,0,0,0,0.417646185,,,Low
3463,SEDGEFIELD INDUSTRIAL WEST,North East,5.39134E+11,Ground Mounted,315,Not Applicable,≤5,Distribution,Yes,20,0.4,Redacted,FISHBURN,TS21 3EE,Redacted,Not Applicable,435616,529793,0.195949599,0.003419979,Suburban,0.013,Urban,,,,,,High,Medium,Very low,Very low,Very low,0,0,0,0.2,0.3,0.3,0.2,0.3,0.3,1.538467637,2.01596291,2.01596291,0,1,1,0.407693527,1.754788873,1.754788873,Low,Significant,Significant
1082,AYCLIFFE 10,North East,1.70262E+11,Ground Mounted,500,Not Applicable,21,Distribution,Yes,11,0.4,480.6,AYCLIFFE INDUSTRIAL,DL5 6DX,"DL5 6HP, DL5 6HN, DL5 6DX",Not Applicable,428172,523601,0.184116885,0.003213457,Suburban,0.013,Urban,,,,,,Very low,Very low,Very low,Very low,Very low,0,0,0,0,0,0,0,0,0,0,0,0,0,0,0,0,0,0,,,
1074,MIDDRIDGE MEADOWS,North East,53194162531,Pole Mounted,50,Not Applicable,≤5,Distribution,Unknown,11,0.4,Redacted,AYCLIFFE INDUSTRIAL,DL5 7JQ,Redacted,Not Applicable,425700,525804,0.183051407,0.003194861,Improved grassland,0.04,Pasture/Arable,High,High,High,Low,Very low,Very low,Very low,Very low,Very low,Very low,0.6,0.6,0.9,0,0,0,0.6,0.6,0.9,1.005233147,1.005233147,1.31722806,0,0,0.5,0.903139888,0.903139888,2.135505254,Moderate,Moderate,Significant
987,STAINTON VILLAGE EAST,North East,3.47713E+11,Pole Mounted,100,Not Applicable,45,Distribution,Yes,20,0.4,47.8,HARMIRE BRIDGE,DL12 8RD,"DL12 8RQ, DL12 8RD, DL12 8RH, DL12 8RB",Not Applicable,407109,518452,0.170983687,0.002984237,Improved grassland,0.04,Pasture/Arable,,,,,,High,High,Very low,Very low,Very low,0,0,0,0.3,0.3,0.3,0.3,0.3,0.3,0.612027372,0.612027372,0.612027372,0,0,0,0.333608212,0.333608212,0.333608212,Low,Low,Low
1111,AYCLIFFE WHESSOE,North East,2.49001E+11,Ground Mounted,500,Not Applicable,≤5,Distribution,Yes,11,0.4,Redacted,HEIGHINGTON,DL5 6QG,Redacted,Not Applicable,427746,522361,0.160260156,0.002797075,Urban,0.013,Urban,,,,,,Medium,Low,Very low,Very low,Very low,0,0,0,0,0.2,0.3,0,0.2,0.3,0,1.391325277,1.823151873,0,0,1,0,0.378265055,1.696945562,,Low,Significant
4091,CHESTER RIVERSIDE,North East,1.90625E+11,Ground Mounted,500,Not Applicable,6,Distribution,Yes,11,0.4,24.6,HOUGHTON,DH3 3SJ,"DH3 3SJ, DH3 3SH, DH3 3EE, DH3 3PF, DH3 3QR",Not Applicable,428336,550779,0.154966086,0.002704675,Urban,0.013,Urban,High,Medium,Medium,Low,Low,,,,,,0.2,0.6,1.2,0,0,0,0.2,0.6,1.2,1.368151498,2.845869799,4.517536713,0,1,1,0.3736303,3.007521879,7.021044055,Low,Extreme,Extreme
2885,EAST HOWLE SEWAGE,North East,1.17811E+11,Pole Mounted,25,Not Applicable,≤5,Distribution,Unknown,20,0.4,Redacted,SPENNYMOOR 66/20KV,DL17 8BN,Redacted,Not Applicable,429671,533943,0.154833823,0.002702367,Broadleaved woodland,0.1,Woodland,,,,,,Low,Low,Very low,Very low,Very low,0,0,0,0,0,0.3,0,0,0.3,0,0,0.232962652,0,0,0.5,0,0,0.719888796,,,Low
457,SOUTH CHURCH TEESCRAFT,Yorkshire,8.86664E+11,Ground Mounted,1000,Not Applicable,≤5,Distribution,Yes,11,0.4,Redacted,FYLANDS BRIDGE,DL14 6XB,Redacted,Not Applicable,421329,527962,0.154562712,0.002697635,Urban,0.013,Urban,,,,,,Very low,Very low,Very low,Very low,Very low,0,0,0,0,0,0,0,0,0,0,0,0,0,0,0,0,0,0,,,
701,BARFORTH HALL,North East,3.07044E+11,Pole Mounted,50,Not Applicable,≤5,Distribution,Unknown,20,0.4,Redacted,SKERNESIDE,DL11 7UL,Redacted,Not Applicable,416385,516784,0.153367117,0.002676768,Suburban,0.013,Urban,,,,,,Very low,Very low,Very low,Very low,Very low,0,0,0,0,0,0,0,0,0,0,0,0,0,0,0,0,0,0,,,
375,ST HELENS FIBRES,North East,9.024E+11,Ground Mounted,800,Not Applicable,≤5,Distribution,Yes,11,0.4,Redacted,FYLANDS BRIDGE,DL14 9AD,Redacted,Not Applicable,419302,526896,0.147352636,0.002571794,Urban,0.013,Urban,,,,,,Low,Very low,Very low,Very low,Very low,0,0,0,0,0,0.2,0,0,0.2,0,0,1.334119592,0,0,0,0,0,0.366823918,,,Low
1169,MORDON HOWE,North East,3.23694E+11,Pole Mounted,100,Not Applicable,≤5,Distribution,Unknown,20,0.4,Redacted,SKERNESIDE,TS21 2HG,Redacted,Not Applicable,432681,524596,0.131833717,0.002300936,Improved grassland,0.04,Pasture/Arable,,,,,,High,High,Very low,Very low,Very low,0,0,0,0.3,0.3,0.3,0.3,0.3,0.3,0.537410929,0.537410929,0.537410929,0,0,0,0.311223279,0.311223279,0.311223279,Low,Low,Low
1592,STANHOPE FURNACE,North East,96476641995,Ground Mounted,1410,Not Applicable,≤5,Distribution,Unknown,11,0.4,Redacted,EASTGATE CEMENT,DL13 2YR,Redacted,Not Applicable,400017,538572,0.13066195,0.002280485,Urban,0.013,Urban,Medium,Low,Low,Low,Very low,,,,,,0,0.2,0.9,0,0,0,0,0.2,0.9,0,1.256291068,3.424248554,0,0,1,0,0.351258214,4.531823699,,Low,Extreme
3690,TANFIELD SEWAGE (PEN),North East,7.6052E+11,Pole Mounted,200,Not Applicable,≤5,Distribution,Unknown,11,0.4,Redacted,TANFIELD,DH9 9UY,Redacted,Not Applicable,419365,554845,0.124153838,0.002166897,Suburban,0.013,Urban,Low,Very low,Very low,Very low,Very low,,,,,,0,0,0.2,0,0,0,0,0,0.2,0,0,1.224604194,0,0,0,0,0,0.344920839,,,Low
2948,PETERLEE FIENNES,North East,3.11397E+11,Ground Mounted,500,Not Applicable,≤5,Distribution,Unknown,11,0.4,Redacted,PETERLEE INDUSTRIAL,SR8 2JF,Redacted,Not Applicable,440790,541498,0.117789999,0.002055826,Urban,0.013,Urban,,,,,,Low,Very low,Very low,Very low,Very low,0,0,0,0,0,0.2,0,0,0.2,0,0,1.192806077,0,0,0,0,0,0.338561215,,,Low
3160,HOUGHALL,North East,5.1732E+11,Ground Mounted,500,Not Applicable,13,Distribution,Unknown,11,0.4,215.8,BELMONT,DH1 3SQ,"DH1 3SH, DH1 3SQ, DH1 3SL, DH1 3PJ, DH1 3SG",Not Applicable,428232,541158,0.117664732,0.00205364,Suburban,0.013,Urban,Medium,Medium,Low,Low,Low,,,,,,0,0.3,1.2,0,0,0,0,0.3,1.2,0,1.562186792,3.936464046,0,1,1,0,1.618656038,6.323756856,,Significant,Extreme
1198,PRESTON LE SKERNE RAIL,North East,3.9028E+11,Pole Mounted,25,Not Applicable,≤5,Distribution,Unknown,20,0.4,Redacted,SKERNESIDE,TS21 2HG,Redacted,Not Applicable,431622,525017,0.114586502,0.001999914,Improved grassland,0.04,Pasture/Arable,High,High,High,High,Medium,Very low,Very low,Very low,Very low,Very low,0.9,1.2,1.2,0,0,0,0.9,1.2,1.2,1.042175165,1.262505303,1.262505303,0.5,0.5,0.5,1.887957649,2.615006363,2.615006363,Significant,Extreme,Extreme
3649,BLANCHLAND SEWERAGE,North East,3.31065E+11,Pole Mounted,100,Not Applicable,≤5,Distribution,Unknown,11,0.4,Redacted,CONSETT,DH8 9SR,Redacted,Not Applicable,396865,550324,,0,Suburban,0.013,Urban,Medium,Medium,Very low,Very low,Very low,,,,,,0,0.3,0.3,0,0,0,0,0.3,0.3,0,0,0,0,1,1,0,1.15,1.15,,Moderate,Moderate
